title,author,source_id,intended_research_role,review_status,completion_requirement
Investment Valuation,Damodaran,DAMODARAN-SECTORS,"Valuation families, issuer sectors, acquisitions and sensitivity",Author/publisher overview identified; not full-book review,Pin edition; review relevant chapters; map exact methods; verify against original papers; add independent examples and critiques
Quantitative Trading,Ernest Chan,CHAN-BOOK,"Backtest construction, practical biases and trading workflows",Author/publisher overview identified; not full-book review,Pin edition; review relevant chapters; map exact methods; verify against original papers; add independent examples and critiques
Advances in Financial Machine Learning,Lopez de Prado,PRADO-PUBLICATIONS,"Financial labels, dependence, validation, selection and models",Author/publisher overview identified; not full-book review,Pin edition; review relevant chapters; map exact methods; verify against original papers; add independent examples and critiques
Machine Learning for Asset Managers,Lopez de Prado,PRADO-PUBLICATIONS,"Estimation, clustering and asset-management applications",Author/publisher overview identified; not full-book review,Pin edition; review relevant chapters; map exact methods; verify against original papers; add independent examples and critiques
Causal Factor Investing,Lopez de Prado,PRADO-PUBLICATIONS,"Identification, causal interpretation and research design",Author/publisher overview identified; not full-book review,Pin edition; review relevant chapters; map exact methods; verify against original papers; add independent examples and critiques
Systematic Trading,Robert Carver,CARVER,"Forecasts, sizing, diversification, costs and implementation",Author/publisher overview identified; not full-book review,Pin edition; review relevant chapters; map exact methods; verify against original papers; add independent examples and critiques
Advanced Futures Trading Strategies,Robert Carver,CARVER-FUTURES,Contract-level futures strategy research and feasibility,Author/publisher overview identified; not full-book review,Pin edition; review relevant chapters; map exact methods; verify against original papers; add independent examples and critiques
Expected Returns,Antti Ilmanen,ILMANEN,"Return sources, risks, diversification and estimation",Author/publisher overview identified; not full-book review,Pin edition; review relevant chapters; map exact methods; verify against original papers; add independent examples and critiques
Asset Pricing,John Cochrane,COCHRANE,Theoretical pricing restrictions and empirical evaluation,Author/publisher overview identified; not full-book review,Pin edition; review relevant chapters; map exact methods; verify against original papers; add independent examples and critiques
Secure Retirement,Authors identified in source,RETIREMENT,"Accumulation, retirement, risk and adaptive planning",Author/publisher overview identified; not full-book review,Pin edition; review relevant chapters; map exact methods; verify against original papers; add independent examples and critiques
