id,domain,owner_specification,current_research_depth,next_completion_evidence,framework_or_source_ids,implementation_status
QC-001,Mathematical and statistical foundations,38-numerical-model-risk.md,Domain outline; detailed method-level completeness not established,"Independent primitives, exact inference methods, numerical fixtures",FRM;CFA-CBOK,Not assessed/certified
QC-002,Economic macro and country analysis,27-economics.md,Domain outline; detailed method-level completeness not established,Vintage-aware data; scenario mechanisms and original econometric specifications,CFA-CBOK;FRED,Not assessed/certified
QC-003,Statements accounting and disclosure,04-statements.md,Domain outline; detailed method-level completeness not established,"Exact taxonomy/GAAP/IFRS mappings, fiscal contexts and reconciliation examples",IFRS;SEC-XBRL,Not assessed/certified
QC-004,Ratios forensic and credit-quality screens,05-ratios.md,Domain outline; detailed method-level completeness not established,Full-text variants/coefficient review and sector applicability fixtures,ALTMAN;BENEISH;PIOTROSKI,Not assessed/certified
QC-005,Business valuation and expectations,06-valuation.md,Domain outline; detailed method-level completeness not established,Linked models with independent enterprise/equity and sector examples,DAMODARAN,Not assessed/certified
QC-006,Corporate finance governance and stewardship,28-corporate-finance.md,Domain outline; detailed method-level completeness not established,Capital allocation/financing examples; evidence-backed judgment cards,CFA-CBOK,Not assessed/certified
QC-007,Equity and index instruments,02-instruments.md,Domain outline; detailed method-level completeness not established,Share classes corporate actions identifier histories and listing conventions,SEC-XBRL,Not assessed/certified
QC-008,Rates bonds and inflation,11-rates-credit.md,Domain outline; detailed method-level completeness not established,"Country schedules, curves, key-rate risk and optionality specifications",QUANTLIB,Not assessed/certified
QC-009,Credit default recovery and securitization,11-rates-credit.md,Domain outline; detailed method-level completeness not established,"Capital structure, recoveries, prepayment and specialized credit models",FRM,Not assessed/certified
QC-010,Futures contracts and physical commodities,09-futures-fx.md,Domain outline; detailed method-level completeness not established,"Actual chains; delivery, seasonality, storage and settlement rules",CME-EXPIRY,Not assessed/certified
QC-011,FX currencies funding and parity,27-economics.md,Domain outline; detailed method-level completeness not established,Tradable bid/ask financing and currency conventions,BOC;CARRY,Not assessed/certified
QC-012,Options volatility and nonlinear risk,10-options.md,Domain outline; detailed method-level completeness not established,"Historical chains, surface constraints, pricing and lifecycle fixtures",SVI;QUANTLIB,Not assessed/certified
QC-013,Funds packaged exposures and daily reset,19-alternatives.md,Domain outline; detailed method-level completeness not established,Fees methodology look-through and path-dependent product fixtures,CAIA,Not assessed/certified
QC-014,Private property infrastructure and businesses,19-alternatives.md,Domain outline; detailed method-level completeness not established,"Cash flows, capital calls, debt, valuations and access constraints",CAIA,Not assessed/certified
QC-015,Crypto digital assets and venues,19-alternatives.md,Domain outline; detailed method-level completeness not established,Custody funding protocol risk and venue-specific lifecycle specifications,ALTERNATIVES,Not assessed/certified
QC-016,Insurance annuities human capital and life events,18-household.md,Domain outline; detailed method-level completeness not established,"Needs/scenario tools, mortality/contract assumptions and official local rules",CFP,Not assessed/certified
QC-017,Household debt goals education and retirement,18-household.md,Domain outline; detailed method-level completeness not established,"Household cash flows, education, sequence risk and benefit/account adapters",CFP,Not assessed/certified
QC-018,Tax estate succession and jurisdiction,17-accounting.md,Domain outline; detailed method-level completeness not established,Country/year/relationship rules and accountant-reviewed examples,CRA;CFP,Not assessed/certified
QC-019,Investor styles qualitative thesis and evidence,07-investor-styles.md,Domain outline; detailed method-level completeness not established,Original-source review and judgment/falsification workflows,BERKSHIRE;MARKS,Not assessed/certified
QC-020,Behavioral ethics conflicts and restrictions,29-ethics-behavior.md,Domain outline; detailed method-level completeness not established,"Reviewable policies, confidential-source handling and decision discipline",CFA-ETHICS;CFP,Not assessed/certified
QC-021,Market premia explanatory factors and styles,30-premia-alpha.md,Domain outline; detailed method-level completeness not established,"Exact construction, replication, adverse states and net retail costs",FRENCH;ARP,Not assessed/certified
QC-022,Alpha events relative value and alternative data,30-premia-alpha.md,Domain outline; detailed method-level completeness not established,"Original empirical evidence; legal data, timing, borrow and cost review",OPEN-AP;OVERFIT,Not assessed/certified
QC-023,Technical price volume breadth and positioning,39-research-completion.md,Domain outline; detailed method-level completeness not established,Explicit method definitions and predictive-claim controls,CMT;COT,Not assessed/certified
QC-024,Portfolio allocation hedging and constraints,12-portfolios.md,Domain outline; detailed method-level completeness not established,"Independent constrained solutions, integer sizing and stability",CFA-III-PM,Not assessed/certified
QC-025,Risk liquidity treasury funding and model risk,13-risk.md,Domain outline; detailed method-level completeness not established,"Cash-demand scenarios, adverse states and operational dependencies",FRM,Not assessed/certified
QC-026,Fund manager benchmark and index diligence,37-manager-diligence.md,Domain outline; detailed method-level completeness not established,Process/operations terms; benchmark history and investor-net attribution,CAIA;GIPS,Not assessed/certified
QC-027,Market plumbing custody and counterparty protection,36-market-plumbing.md,Domain outline; detailed method-level completeness not established,Current settlement/calendar/protection sources and failure scenarios,PFMI,Not assessed/certified
QC-028,Microstructure costs borrow and execution,36-market-plumbing.md,Domain outline; detailed method-level completeness not established,"Venue-qualified data, order/fill/cost models and benchmarks",CME-LIQUIDITY,Not assessed/certified
QC-029,Historical data provenance rights and procurement,03-data.md,Domain outline; detailed method-level completeness not established,"Sample coverage, availability timestamps, licenses, cost and quality",SEC-XBRL;IBKR-DATA,Not assessed/certified
QC-030,Scientific validation and research governance,14-research.md,Domain outline; detailed method-level completeness not established,"All-trial registry, causal replay, holdout/selection and uncertainty",OVERFIT;SKLEARN,Not assessed/certified
QC-031,Simulation lifecycle and financial accounting,15-simulation.md,Domain outline; detailed method-level completeness not established,"Independent small fixtures; exact money, holdings and lifecycle events",CME-CASH;LEAN-LIVE,Not assessed/certified
QC-032,Broker live operations and reconciliation,16-execution.md,Domain outline; detailed method-level completeness not established,Account API proof; unknown-submit/restart/manual-trade drills,IBKR-ORDER;IBKR-ERRORS,Not assessed/certified
QC-033,Performance attribution and reporting,17-accounting.md,Domain outline; detailed method-level completeness not established,"Flow conventions, FX, costs, benchmarks and independent statement checks",GIPS,Not assessed/certified
QC-034,Security privacy reliability and recovery,20-operations.md,Domain outline; detailed method-level completeness not established,"Threat model, secret boundaries, monitoring and tested restoration",OWASP,Not assessed/certified
QC-035,Knowledge product workflows API and interface,31-product-spec.md,Domain outline; detailed method-level completeness not established,Traceable entities and complete novice/advanced user journeys,CFA-PSM,Not assessed/certified
QC-036,Architecture storage jobs and maintenance,32-full-stack-design.md,Domain outline; detailed method-level completeness not established,Independent integration spikes and measured operational fit,QUANTLIB;LEAN;OPENBB,Not assessed/certified
