id,domain,unit,canonical_owner,depth,completion_gate,implementation_status,review_status
FIN-01-01,Measurement and mathematics,cash-flow timing,reference/01-time-money.md,introductory context; detailed subtopic specification pending,definitions; symbols and units; assumptions; derivation or procedure; worked and edge cases; primary claim evidence; independent review,not assessed,author review only
FIN-01-02,Measurement and mathematics,compounding and rates,reference/01-time-money.md,introductory context; detailed subtopic specification pending,definitions; symbols and units; assumptions; derivation or procedure; worked and edge cases; primary claim evidence; independent review,not assessed,author review only
FIN-01-03,Measurement and mathematics,annuity and amortization,reference/01-time-money.md,introductory context; detailed subtopic specification pending,definitions; symbols and units; assumptions; derivation or procedure; worked and edge cases; primary claim evidence; independent review,not assessed,author review only
FIN-01-04,Measurement and mathematics,NPV and IRR,reference/01-time-money.md,introductory context; detailed subtopic specification pending,definitions; symbols and units; assumptions; derivation or procedure; worked and edge cases; primary claim evidence; independent review,not assessed,author review only
FIN-01-05,Measurement and mathematics,probability and statistical inference,reference/01-time-money.md,introductory context; detailed subtopic specification pending,definitions; symbols and units; assumptions; derivation or procedure; worked and edge cases; primary claim evidence; independent review,not assessed,author review only
FIN-01-06,Measurement and mathematics,linear algebra and covariance,reference/01-time-money.md,introductory context; detailed subtopic specification pending,definitions; symbols and units; assumptions; derivation or procedure; worked and edge cases; primary claim evidence; independent review,not assessed,author review only
FIN-01-07,Measurement and mathematics,optimization and numerical solvers,reference/01-time-money.md,introductory context; detailed subtopic specification pending,definitions; symbols and units; assumptions; derivation or procedure; worked and edge cases; primary claim evidence; independent review,not assessed,author review only
FIN-01-08,Measurement and mathematics,stochastic processes and simulation,reference/01-time-money.md,introductory context; detailed subtopic specification pending,definitions; symbols and units; assumptions; derivation or procedure; worked and edge cases; primary claim evidence; independent review,not assessed,author review only
FIN-02-01,Reporting and analysis,financial reporting boundary,reference/02-accounting.md,introductory context; detailed subtopic specification pending,definitions; symbols and units; assumptions; derivation or procedure; worked and edge cases; primary claim evidence; independent review,not assessed,author review only
FIN-02-02,Reporting and analysis,recognition and measurement,reference/02-accounting.md,introductory context; detailed subtopic specification pending,definitions; symbols and units; assumptions; derivation or procedure; worked and edge cases; primary claim evidence; independent review,not assessed,author review only
FIN-02-03,Reporting and analysis,statement reconciliation,reference/02-accounting.md,introductory context; detailed subtopic specification pending,definitions; symbols and units; assumptions; derivation or procedure; worked and edge cases; primary claim evidence; independent review,not assessed,author review only
FIN-02-04,Reporting and analysis,ratios and operating metrics,reference/02-accounting.md,introductory context; detailed subtopic specification pending,definitions; symbols and units; assumptions; derivation or procedure; worked and edge cases; primary claim evidence; independent review,not assessed,author review only
FIN-02-05,Reporting and analysis,earnings quality and forensic scores,reference/02-accounting.md,introductory context; detailed subtopic specification pending,definitions; symbols and units; assumptions; derivation or procedure; worked and edge cases; primary claim evidence; independent review,not assessed,author review only
FIN-02-06,Reporting and analysis,IFRS and US GAAP differences,reference/02-accounting.md,introductory context; detailed subtopic specification pending,definitions; symbols and units; assumptions; derivation or procedure; worked and edge cases; primary claim evidence; independent review,not assessed,author review only
FIN-02-07,Reporting and analysis,leases pensions and deferred tax,reference/02-accounting.md,introductory context; detailed subtopic specification pending,definitions; symbols and units; assumptions; derivation or procedure; worked and edge cases; primary claim evidence; independent review,not assessed,author review only
FIN-02-08,Reporting and analysis,consolidation and non-controlling interests,reference/02-accounting.md,introductory context; detailed subtopic specification pending,definitions; symbols and units; assumptions; derivation or procedure; worked and edge cases; primary claim evidence; independent review,not assessed,author review only
FIN-03-01,Economics and public finance,microeconomics and market structure,reference/03-economics.md,introductory context; detailed subtopic specification pending,definitions; symbols and units; assumptions; derivation or procedure; worked and edge cases; primary claim evidence; independent review,not assessed,author review only
FIN-03-02,Economics and public finance,macroeconomics and forecasting,reference/03-economics.md,introductory context; detailed subtopic specification pending,definitions; symbols and units; assumptions; derivation or procedure; worked and edge cases; primary claim evidence; independent review,not assessed,author review only
FIN-03-03,Economics and public finance,monetary systems and transmission,reference/03-economics.md,introductory context; detailed subtopic specification pending,definitions; symbols and units; assumptions; derivation or procedure; worked and edge cases; primary claim evidence; independent review,not assessed,author review only
FIN-03-04,Economics and public finance,international economics and FX,reference/03-economics.md,introductory context; detailed subtopic specification pending,definitions; symbols and units; assumptions; derivation or procedure; worked and edge cases; primary claim evidence; independent review,not assessed,author review only
FIN-03-05,Economics and public finance,public budgets and debt,reference/03-economics.md,introductory context; detailed subtopic specification pending,definitions; symbols and units; assumptions; derivation or procedure; worked and edge cases; primary claim evidence; independent review,not assessed,author review only
FIN-03-06,Economics and public finance,sovereign municipal and development finance,reference/03-economics.md,introductory context; detailed subtopic specification pending,definitions; symbols and units; assumptions; derivation or procedure; worked and edge cases; primary claim evidence; independent review,not assessed,author review only
FIN-03-07,Economics and public finance,public welfare and tax incidence,reference/03-economics.md,introductory context; detailed subtopic specification pending,definitions; symbols and units; assumptions; derivation or procedure; worked and edge cases; primary claim evidence; independent review,not assessed,author review only
FIN-03-08,Economics and public finance,financial history and crises,reference/03-economics.md,introductory context; detailed subtopic specification pending,definitions; symbols and units; assumptions; derivation or procedure; worked and edge cases; primary claim evidence; independent review,not assessed,author review only
FIN-04-01,Corporate finance and valuation,capital budgeting,reference/04-valuation.md,introductory context; detailed subtopic specification pending,definitions; symbols and units; assumptions; derivation or procedure; worked and edge cases; primary claim evidence; independent review,not assessed,author review only
FIN-04-02,Corporate finance and valuation,capital structure and payout,reference/04-valuation.md,introductory context; detailed subtopic specification pending,definitions; symbols and units; assumptions; derivation or procedure; worked and edge cases; primary claim evidence; independent review,not assessed,author review only
FIN-04-03,Corporate finance and valuation,FCFF FCFE APV and residual income,reference/04-valuation.md,introductory context; detailed subtopic specification pending,definitions; symbols and units; assumptions; derivation or procedure; worked and edge cases; primary claim evidence; independent review,not assessed,author review only
FIN-04-04,Corporate finance and valuation,relative and asset valuation,reference/04-valuation.md,introductory context; detailed subtopic specification pending,definitions; symbols and units; assumptions; derivation or procedure; worked and edge cases; primary claim evidence; independent review,not assessed,author review only
FIN-04-05,Corporate finance and valuation,financial institutions valuation,reference/04-valuation.md,introductory context; detailed subtopic specification pending,definitions; symbols and units; assumptions; derivation or procedure; worked and edge cases; primary claim evidence; independent review,not assessed,author review only
FIN-04-06,Corporate finance and valuation,sector and lifecycle valuation,reference/04-valuation.md,introductory context; detailed subtopic specification pending,definitions; symbols and units; assumptions; derivation or procedure; worked and edge cases; primary claim evidence; independent review,not assessed,author review only
FIN-04-07,Corporate finance and valuation,M&A restructuring and distress,reference/04-valuation.md,introductory context; detailed subtopic specification pending,definitions; symbols and units; assumptions; derivation or procedure; worked and edge cases; primary claim evidence; independent review,not assessed,author review only
FIN-04-08,Corporate finance and valuation,SME project and entrepreneurial finance,reference/04-valuation.md,introductory context; detailed subtopic specification pending,definitions; symbols and units; assumptions; derivation or procedure; worked and edge cases; primary claim evidence; independent review,not assessed,author review only
FIN-05-01,Rates and credit,bond cash flows and yield,reference/05-rates-credit.md,introductory context; detailed subtopic specification pending,definitions; symbols and units; assumptions; derivation or procedure; worked and edge cases; primary claim evidence; independent review,not assessed,author review only
FIN-05-02,Rates and credit,curves and duration,reference/05-rates-credit.md,introductory context; detailed subtopic specification pending,definitions; symbols and units; assumptions; derivation or procedure; worked and edge cases; primary claim evidence; independent review,not assessed,author review only
FIN-05-03,Rates and credit,credit loss and migration,reference/05-rates-credit.md,introductory context; detailed subtopic specification pending,definitions; symbols and units; assumptions; derivation or procedure; worked and edge cases; primary claim evidence; independent review,not assessed,author review only
FIN-05-04,Rates and credit,floating inflation-linked and callable debt,reference/05-rates-credit.md,introductory context; detailed subtopic specification pending,definitions; symbols and units; assumptions; derivation or procedure; worked and edge cases; primary claim evidence; independent review,not assessed,author review only
FIN-05-05,Rates and credit,securitization and structured credit,reference/05-rates-credit.md,introductory context; detailed subtopic specification pending,definitions; symbols and units; assumptions; derivation or procedure; worked and edge cases; primary claim evidence; independent review,not assessed,author review only
FIN-05-06,Rates and credit,credit derivatives and counterparty adjustment,reference/05-rates-credit.md,introductory context; detailed subtopic specification pending,definitions; symbols and units; assumptions; derivation or procedure; worked and edge cases; primary claim evidence; independent review,not assessed,author review only
FIN-05-07,Rates and credit,repo and securities lending,reference/05-rates-credit.md,introductory context; detailed subtopic specification pending,definitions; symbols and units; assumptions; derivation or procedure; worked and edge cases; primary claim evidence; independent review,not assessed,author review only
FIN-05-08,Rates and credit,sovereign and distressed debt contracts,reference/05-rates-credit.md,introductory context; detailed subtopic specification pending,definitions; symbols and units; assumptions; derivation or procedure; worked and edge cases; primary claim evidence; independent review,not assessed,author review only
FIN-06-01,Contingent claims,forwards futures and swaps,reference/06-derivatives.md,introductory context; detailed subtopic specification pending,definitions; symbols and units; assumptions; derivation or procedure; worked and edge cases; primary claim evidence; independent review,not assessed,author review only
FIN-06-02,Contingent claims,European option payoffs and parity,reference/06-derivatives.md,introductory context; detailed subtopic specification pending,definitions; symbols and units; assumptions; derivation or procedure; worked and edge cases; primary claim evidence; independent review,not assessed,author review only
FIN-06-03,Contingent claims,option pricing and numerical limits,reference/06-derivatives.md,introductory context; detailed subtopic specification pending,definitions; symbols and units; assumptions; derivation or procedure; worked and edge cases; primary claim evidence; independent review,not assessed,author review only
FIN-06-04,Contingent claims,exercise assignment and settlement,reference/06-derivatives.md,introductory context; detailed subtopic specification pending,definitions; symbols and units; assumptions; derivation or procedure; worked and edge cases; primary claim evidence; independent review,not assessed,author review only
FIN-06-05,Contingent claims,volatility surface and arbitrage,reference/06-derivatives.md,introductory context; detailed subtopic specification pending,definitions; symbols and units; assumptions; derivation or procedure; worked and edge cases; primary claim evidence; independent review,not assessed,author review only
FIN-06-06,Contingent claims,local stochastic and jump volatility,reference/06-derivatives.md,introductory context; detailed subtopic specification pending,definitions; symbols and units; assumptions; derivation or procedure; worked and edge cases; primary claim evidence; independent review,not assessed,author review only
FIN-06-07,Contingent claims,exotic and path-dependent claims,reference/06-derivatives.md,introductory context; detailed subtopic specification pending,definitions; symbols and units; assumptions; derivation or procedure; worked and edge cases; primary claim evidence; independent review,not assessed,author review only
FIN-06-08,Contingent claims,hedging and Greeks,reference/06-derivatives.md,introductory context; detailed subtopic specification pending,definitions; symbols and units; assumptions; derivation or procedure; worked and edge cases; primary claim evidence; independent review,not assessed,author review only
FIN-07-01,Investment allocation,mean variance and minimum variance,reference/07-portfolios.md,introductory context; detailed subtopic specification pending,definitions; symbols and units; assumptions; derivation or procedure; worked and edge cases; primary claim evidence; independent review,not assessed,author review only
FIN-07-02,Investment allocation,Sharpe and benchmark objectives,reference/07-portfolios.md,introductory context; detailed subtopic specification pending,definitions; symbols and units; assumptions; derivation or procedure; worked and edge cases; primary claim evidence; independent review,not assessed,author review only
FIN-07-03,Investment allocation,risk budgets and allocation,reference/07-portfolios.md,introductory context; detailed subtopic specification pending,definitions; symbols and units; assumptions; derivation or procedure; worked and edge cases; primary claim evidence; independent review,not assessed,author review only
FIN-07-04,Investment allocation,hierarchical allocation,reference/07-portfolios.md,introductory context; detailed subtopic specification pending,definitions; symbols and units; assumptions; derivation or procedure; worked and edge cases; primary claim evidence; independent review,not assessed,author review only
FIN-07-05,Investment allocation,Bayesian and Black-Litterman,reference/07-portfolios.md,introductory context; detailed subtopic specification pending,definitions; symbols and units; assumptions; derivation or procedure; worked and edge cases; primary claim evidence; independent review,not assessed,author review only
FIN-07-06,Investment allocation,robust CVaR and distributional optimization,reference/07-portfolios.md,introductory context; detailed subtopic specification pending,definitions; symbols and units; assumptions; derivation or procedure; worked and edge cases; primary claim evidence; independent review,not assessed,author review only
FIN-07-07,Investment allocation,Kelly dynamic and multi-period allocation,reference/07-portfolios.md,introductory context; detailed subtopic specification pending,definitions; symbols and units; assumptions; derivation or procedure; worked and edge cases; primary claim evidence; independent review,not assessed,author review only
FIN-07-08,Investment allocation,liability-driven and tax-aware portfolios,reference/07-portfolios.md,introductory context; detailed subtopic specification pending,definitions; symbols and units; assumptions; derivation or procedure; worked and edge cases; primary claim evidence; independent review,not assessed,author review only
FIN-08-01,Risk and uncertainty,risk taxonomy and aggregation,reference/08-risk.md,introductory context; detailed subtopic specification pending,definitions; symbols and units; assumptions; derivation or procedure; worked and edge cases; primary claim evidence; independent review,not assessed,author review only
FIN-08-02,Risk and uncertainty,VaR expected shortfall and drawdown,reference/08-risk.md,introductory context; detailed subtopic specification pending,definitions; symbols and units; assumptions; derivation or procedure; worked and edge cases; primary claim evidence; independent review,not assessed,author review only
FIN-08-03,Risk and uncertainty,stress and reverse stress,reference/08-risk.md,introductory context; detailed subtopic specification pending,definitions; symbols and units; assumptions; derivation or procedure; worked and edge cases; primary claim evidence; independent review,not assessed,author review only
FIN-08-04,Risk and uncertainty,liquidity funding and leverage,reference/08-risk.md,introductory context; detailed subtopic specification pending,definitions; symbols and units; assumptions; derivation or procedure; worked and edge cases; primary claim evidence; independent review,not assessed,author review only
FIN-08-05,Risk and uncertainty,model validation and uncertainty,reference/08-risk.md,introductory context; detailed subtopic specification pending,definitions; symbols and units; assumptions; derivation or procedure; worked and edge cases; primary claim evidence; independent review,not assessed,author review only
FIN-08-06,Risk and uncertainty,enterprise and systemic risk,reference/08-risk.md,introductory context; detailed subtopic specification pending,definitions; symbols and units; assumptions; derivation or procedure; worked and edge cases; primary claim evidence; independent review,not assessed,author review only
FIN-08-07,Risk and uncertainty,copulas extremes and tail dependence,reference/08-risk.md,introductory context; detailed subtopic specification pending,definitions; symbols and units; assumptions; derivation or procedure; worked and edge cases; primary claim evidence; independent review,not assessed,author review only
FIN-08-08,Risk and uncertainty,operational cyber legal and conduct risk,reference/08-risk.md,introductory context; detailed subtopic specification pending,definitions; symbols and units; assumptions; derivation or procedure; worked and edge cases; primary claim evidence; independent review,not assessed,author review only
FIN-09-01,Empirical and systematic finance,asset pricing and factor regressions,reference/09-research.md,introductory context; detailed subtopic specification pending,definitions; symbols and units; assumptions; derivation or procedure; worked and edge cases; primary claim evidence; independent review,not assessed,author review only
FIN-09-02,Empirical and systematic finance,factor construction and replication,reference/09-research.md,introductory context; detailed subtopic specification pending,definitions; symbols and units; assumptions; derivation or procedure; worked and edge cases; primary claim evidence; independent review,not assessed,author review only
FIN-09-03,Empirical and systematic finance,risk premia and anomaly evidence,reference/09-research.md,introductory context; detailed subtopic specification pending,definitions; symbols and units; assumptions; derivation or procedure; worked and edge cases; primary claim evidence; independent review,not assessed,author review only
FIN-09-04,Empirical and systematic finance,systematic trend carry and relative value,reference/09-research.md,introductory context; detailed subtopic specification pending,definitions; symbols and units; assumptions; derivation or procedure; worked and edge cases; primary claim evidence; independent review,not assessed,author review only
FIN-09-05,Empirical and systematic finance,research design and causal identification,reference/09-research.md,introductory context; detailed subtopic specification pending,definitions; symbols and units; assumptions; derivation or procedure; worked and edge cases; primary claim evidence; independent review,not assessed,author review only
FIN-09-06,Empirical and systematic finance,time-series panel and cross-sectional econometrics,reference/09-research.md,introductory context; detailed subtopic specification pending,definitions; symbols and units; assumptions; derivation or procedure; worked and edge cases; primary claim evidence; independent review,not assessed,author review only
FIN-09-07,Empirical and systematic finance,machine learning and validation,reference/09-research.md,introductory context; detailed subtopic specification pending,definitions; symbols and units; assumptions; derivation or procedure; worked and edge cases; primary claim evidence; independent review,not assessed,author review only
FIN-09-08,Empirical and systematic finance,backtests costs and multiple testing,reference/09-research.md,introductory context; detailed subtopic specification pending,definitions; symbols and units; assumptions; derivation or procedure; worked and edge cases; primary claim evidence; independent review,not assessed,author review only
FIN-10-01,Market mechanics and records,market structure and trading venues,reference/10-performance.md,introductory context; detailed subtopic specification pending,definitions; symbols and units; assumptions; derivation or procedure; worked and edge cases; primary claim evidence; independent review,not assessed,author review only
FIN-10-02,Market mechanics and records,order lifecycle and execution,reference/10-performance.md,introductory context; detailed subtopic specification pending,definitions; symbols and units; assumptions; derivation or procedure; worked and edge cases; primary claim evidence; independent review,not assessed,author review only
FIN-10-03,Market mechanics and records,clearing custody and settlement,reference/10-performance.md,introductory context; detailed subtopic specification pending,definitions; symbols and units; assumptions; derivation or procedure; worked and edge cases; primary claim evidence; independent review,not assessed,author review only
FIN-10-04,Market mechanics and records,holdings ledger and reconciliation,reference/10-performance.md,introductory context; detailed subtopic specification pending,definitions; symbols and units; assumptions; derivation or procedure; worked and edge cases; primary claim evidence; independent review,not assessed,author review only
FIN-10-05,Market mechanics and records,return measurement and attribution,reference/10-performance.md,introductory context; detailed subtopic specification pending,definitions; symbols and units; assumptions; derivation or procedure; worked and edge cases; primary claim evidence; independent review,not assessed,author review only
FIN-10-06,Market mechanics and records,tax lots accounting and reporting,reference/10-performance.md,introductory context; detailed subtopic specification pending,definitions; symbols and units; assumptions; derivation or procedure; worked and edge cases; primary claim evidence; independent review,not assessed,author review only
FIN-10-07,Market mechanics and records,benchmark index and corporate actions,reference/10-performance.md,introductory context; detailed subtopic specification pending,definitions; symbols and units; assumptions; derivation or procedure; worked and edge cases; primary claim evidence; independent review,not assessed,author review only
FIN-10-08,Market mechanics and records,data provenance licenses and point-in-time versions,reference/10-performance.md,introductory context; detailed subtopic specification pending,definitions; symbols and units; assumptions; derivation or procedure; worked and edge cases; primary claim evidence; independent review,not assessed,author review only
FIN-11-01,Household and lifecycle finance,budgeting credit and reserves,reference/11-households.md,introductory context; detailed subtopic specification pending,definitions; symbols and units; assumptions; derivation or procedure; worked and edge cases; primary claim evidence; independent review,not assessed,author review only
FIN-11-02,Household and lifecycle finance,earnings debt and accumulation,reference/11-households.md,introductory context; detailed subtopic specification pending,definitions; symbols and units; assumptions; derivation or procedure; worked and edge cases; primary claim evidence; independent review,not assessed,author review only
FIN-11-03,Household and lifecycle finance,retirement FIRE and spending,reference/11-households.md,introductory context; detailed subtopic specification pending,definitions; symbols and units; assumptions; derivation or procedure; worked and edge cases; primary claim evidence; independent review,not assessed,author review only
FIN-11-04,Household and lifecycle finance,longevity annuities and pensions,reference/11-households.md,introductory context; detailed subtopic specification pending,definitions; symbols and units; assumptions; derivation or procedure; worked and edge cases; primary claim evidence; independent review,not assessed,author review only
FIN-11-05,Household and lifecycle finance,life disability health and care protection,reference/11-households.md,introductory context; detailed subtopic specification pending,definitions; symbols and units; assumptions; derivation or procedure; worked and edge cases; primary claim evidence; independent review,not assessed,author review only
FIN-11-06,Household and lifecycle finance,estate succession and philanthropy,reference/11-households.md,introductory context; detailed subtopic specification pending,definitions; symbols and units; assumptions; derivation or procedure; worked and edge cases; primary claim evidence; independent review,not assessed,author review only
FIN-11-07,Household and lifecycle finance,cross-border family and tax planning,reference/11-households.md,introductory context; detailed subtopic specification pending,definitions; symbols and units; assumptions; derivation or procedure; worked and edge cases; primary claim evidence; independent review,not assessed,author review only
FIN-11-08,Household and lifecycle finance,education housing and special goals,reference/11-households.md,introductory context; detailed subtopic specification pending,definitions; symbols and units; assumptions; derivation or procedure; worked and edge cases; primary claim evidence; independent review,not assessed,author review only
FIN-12-01,Institutions and intermediation,banking and credit underwriting,reference/12-institutions.md,introductory context; detailed subtopic specification pending,definitions; symbols and units; assumptions; derivation or procedure; worked and edge cases; primary claim evidence; independent review,not assessed,author review only
FIN-12-02,Institutions and intermediation,bank capital liquidity and ALM,reference/12-institutions.md,introductory context; detailed subtopic specification pending,definitions; symbols and units; assumptions; derivation or procedure; worked and edge cases; primary claim evidence; independent review,not assessed,author review only
FIN-12-03,Institutions and intermediation,insurance pricing and reserving,reference/12-institutions.md,introductory context; detailed subtopic specification pending,definitions; symbols and units; assumptions; derivation or procedure; worked and edge cases; primary claim evidence; independent review,not assessed,author review only
FIN-12-04,Institutions and intermediation,reinsurance and catastrophe,reference/12-institutions.md,introductory context; detailed subtopic specification pending,definitions; symbols and units; assumptions; derivation or procedure; worked and edge cases; primary claim evidence; independent review,not assessed,author review only
FIN-12-05,Institutions and intermediation,institutional pension funding,reference/12-institutions.md,introductory context; detailed subtopic specification pending,definitions; symbols and units; assumptions; derivation or procedure; worked and edge cases; primary claim evidence; independent review,not assessed,author review only
FIN-12-06,Institutions and intermediation,fund management and diligence,reference/12-institutions.md,introductory context; detailed subtopic specification pending,definitions; symbols and units; assumptions; derivation or procedure; worked and edge cases; primary claim evidence; independent review,not assessed,author review only
FIN-12-07,Institutions and intermediation,financial stability supervision and resolution,reference/12-institutions.md,introductory context; detailed subtopic specification pending,definitions; symbols and units; assumptions; derivation or procedure; worked and edge cases; primary claim evidence; independent review,not assessed,author review only
FIN-12-08,Institutions and intermediation,actuarial survival credibility and ruin,reference/12-institutions.md,introductory context; detailed subtopic specification pending,definitions; symbols and units; assumptions; derivation or procedure; worked and edge cases; primary claim evidence; independent review,not assessed,author review only
FIN-13-01,Treasury and payments,cash forecasting and funding,reference/13-treasury.md,introductory context; detailed subtopic specification pending,definitions; symbols and units; assumptions; derivation or procedure; worked and edge cases; primary claim evidence; independent review,not assessed,author review only
FIN-13-02,Treasury and payments,working-capital financing,reference/13-treasury.md,introductory context; detailed subtopic specification pending,definitions; symbols and units; assumptions; derivation or procedure; worked and edge cases; primary claim evidence; independent review,not assessed,author review only
FIN-13-03,Treasury and payments,treasury hedging and collateral,reference/13-treasury.md,introductory context; detailed subtopic specification pending,definitions; symbols and units; assumptions; derivation or procedure; worked and edge cases; primary claim evidence; independent review,not assessed,author review only
FIN-13-04,Treasury and payments,trade finance and guarantees,reference/13-treasury.md,introductory context; detailed subtopic specification pending,definitions; symbols and units; assumptions; derivation or procedure; worked and edge cases; primary claim evidence; independent review,not assessed,author review only
FIN-13-05,Treasury and payments,payment lifecycle and finality,reference/13-treasury.md,introductory context; detailed subtopic specification pending,definitions; symbols and units; assumptions; derivation or procedure; worked and edge cases; primary claim evidence; independent review,not assessed,author review only
FIN-13-06,Treasury and payments,commercial credit and covenants,reference/13-treasury.md,introductory context; detailed subtopic specification pending,definitions; symbols and units; assumptions; derivation or procedure; worked and edge cases; primary claim evidence; independent review,not assessed,author review only
FIN-13-07,Treasury and payments,merchant payments fraud and controls,reference/13-treasury.md,introductory context; detailed subtopic specification pending,definitions; symbols and units; assumptions; derivation or procedure; worked and edge cases; primary claim evidence; independent review,not assessed,author review only
FIN-13-08,Treasury and payments,project finance waterfall and treasury governance,reference/13-treasury.md,introductory context; detailed subtopic specification pending,definitions; symbols and units; assumptions; derivation or procedure; worked and edge cases; primary claim evidence; independent review,not assessed,author review only
FIN-14-01,Alternative claims and real assets,property and real estate vehicles,reference/14-alternatives.md,introductory context; detailed subtopic specification pending,definitions; symbols and units; assumptions; derivation or procedure; worked and edge cases; primary claim evidence; independent review,not assessed,author review only
FIN-14-02,Alternative claims and real assets,private equity venture and waterfalls,reference/14-alternatives.md,introductory context; detailed subtopic specification pending,definitions; symbols and units; assumptions; derivation or procedure; worked and edge cases; primary claim evidence; independent review,not assessed,author review only
FIN-14-03,Alternative claims and real assets,infrastructure and natural resources,reference/14-alternatives.md,introductory context; detailed subtopic specification pending,definitions; symbols and units; assumptions; derivation or procedure; worked and edge cases; primary claim evidence; independent review,not assessed,author review only
FIN-14-04,Alternative claims and real assets,commodities storage and delivery,reference/14-alternatives.md,introductory context; detailed subtopic specification pending,definitions; symbols and units; assumptions; derivation or procedure; worked and edge cases; primary claim evidence; independent review,not assessed,author review only
FIN-14-05,Alternative claims and real assets,hedge funds and structured vehicles,reference/14-alternatives.md,introductory context; detailed subtopic specification pending,definitions; symbols and units; assumptions; derivation or procedure; worked and edge cases; primary claim evidence; independent review,not assessed,author review only
FIN-14-06,Alternative claims and real assets,digital assets custody and protocols,reference/14-alternatives.md,introductory context; detailed subtopic specification pending,definitions; symbols and units; assumptions; derivation or procedure; worked and edge cases; primary claim evidence; independent review,not assessed,author review only
FIN-14-07,Alternative claims and real assets,collectibles intellectual property and niche assets,reference/14-alternatives.md,introductory context; detailed subtopic specification pending,definitions; symbols and units; assumptions; derivation or procedure; worked and edge cases; primary claim evidence; independent review,not assessed,author review only
FIN-14-08,Alternative claims and real assets,illiquidity appraisal and access vehicles,reference/14-alternatives.md,introductory context; detailed subtopic specification pending,definitions; symbols and units; assumptions; derivation or procedure; worked and edge cases; primary claim evidence; independent review,not assessed,author review only
FIN-15-01,Decision governance,objectives suitability and constraints,reference/15-ethics.md,introductory context; detailed subtopic specification pending,definitions; symbols and units; assumptions; derivation or procedure; worked and edge cases; primary claim evidence; independent review,not assessed,author review only
FIN-15-02,Decision governance,behavior and decision process,reference/15-ethics.md,introductory context; detailed subtopic specification pending,definitions; symbols and units; assumptions; derivation or procedure; worked and edge cases; primary claim evidence; independent review,not assessed,author review only
FIN-15-03,Decision governance,agency fees and conflicts,reference/15-ethics.md,introductory context; detailed subtopic specification pending,definitions; symbols and units; assumptions; derivation or procedure; worked and edge cases; primary claim evidence; independent review,not assessed,author review only
FIN-15-04,Decision governance,ethics fiduciary duties and conduct,reference/15-ethics.md,introductory context; detailed subtopic specification pending,definitions; symbols and units; assumptions; derivation or procedure; worked and edge cases; primary claim evidence; independent review,not assessed,author review only
FIN-15-05,Decision governance,sustainable finance and stewardship,reference/15-ethics.md,introductory context; detailed subtopic specification pending,definitions; symbols and units; assumptions; derivation or procedure; worked and edge cases; primary claim evidence; independent review,not assessed,author review only
FIN-15-06,Decision governance,legal regulatory and jurisdiction governance,reference/15-ethics.md,introductory context; detailed subtopic specification pending,definitions; symbols and units; assumptions; derivation or procedure; worked and edge cases; primary claim evidence; independent review,not assessed,author review only
FIN-15-07,Decision governance,research communication and evidence,reference/15-ethics.md,introductory context; detailed subtopic specification pending,definitions; symbols and units; assumptions; derivation or procedure; worked and edge cases; primary claim evidence; independent review,not assessed,author review only
FIN-15-08,Decision governance,history schools and competing theories,reference/15-ethics.md,introductory context; detailed subtopic specification pending,definitions; symbols and units; assumptions; derivation or procedure; worked and edge cases; primary claim evidence; independent review,not assessed,author review only
