id,method,domain,canonical_family_owner,detailed_method_status,legacy_specification,source_ids,independent_review,implementation
QM-001,Gross margin,Financial metrics,contracts/03-metrics.md,family draft linked; dedicated completeness and source review not certified,40-metric-specifications.md,SEC-STATEMENTS;IFRS,pending,unassessed
QM-002,EBIT margin,Financial metrics,contracts/03-metrics.md,family draft linked; dedicated completeness and source review not certified,40-metric-specifications.md,SEC-STATEMENTS;IFRS,pending,unassessed
QM-003,EBITDA margin,Financial metrics,contracts/03-metrics.md,family draft linked; dedicated completeness and source review not certified,40-metric-specifications.md,SEC-STATEMENTS;IFRS,pending,unassessed
QM-004,Net margin,Financial metrics,contracts/03-metrics.md,family draft linked; dedicated completeness and source review not certified,40-metric-specifications.md,SEC-STATEMENTS;IFRS,pending,unassessed
QM-005,ROA,Financial metrics,contracts/03-metrics.md,family draft linked; dedicated completeness and source review not certified,40-metric-specifications.md,SEC-STATEMENTS;IFRS,pending,unassessed
QM-006,ROE,Financial metrics,contracts/03-metrics.md,family draft linked; dedicated completeness and source review not certified,40-metric-specifications.md,SEC-STATEMENTS;IFRS,pending,unassessed
QM-007,ROIC,Financial metrics,contracts/03-metrics.md,family draft linked; dedicated completeness and source review not certified,40-metric-specifications.md,SEC-STATEMENTS;IFRS,pending,unassessed
QM-008,ROCE,Financial metrics,contracts/03-metrics.md,family draft linked; dedicated completeness and source review not certified,40-metric-specifications.md,SEC-STATEMENTS;IFRS,pending,unassessed
QM-009,DuPont decomposition,Financial metrics,contracts/03-metrics.md,family draft linked; dedicated completeness and source review not certified,40-metric-specifications.md,SEC-STATEMENTS;IFRS,pending,unassessed
QM-010,Current ratio,Financial metrics,contracts/03-metrics.md,family draft linked; dedicated completeness and source review not certified,40-metric-specifications.md,SEC-STATEMENTS;IFRS,pending,unassessed
QM-011,Quick ratio,Financial metrics,contracts/03-metrics.md,family draft linked; dedicated completeness and source review not certified,40-metric-specifications.md,SEC-STATEMENTS;IFRS,pending,unassessed
QM-012,Cash ratio,Financial metrics,contracts/03-metrics.md,family draft linked; dedicated completeness and source review not certified,40-metric-specifications.md,SEC-STATEMENTS;IFRS,pending,unassessed
QM-013,Debt to equity,Financial metrics,contracts/03-metrics.md,family draft linked; dedicated completeness and source review not certified,40-metric-specifications.md,SEC-STATEMENTS;IFRS,pending,unassessed
QM-014,Debt to assets,Financial metrics,contracts/03-metrics.md,family draft linked; dedicated completeness and source review not certified,40-metric-specifications.md,SEC-STATEMENTS;IFRS,pending,unassessed
QM-015,Net debt,Financial metrics,contracts/03-metrics.md,family draft linked; dedicated completeness and source review not certified,40-metric-specifications.md,SEC-STATEMENTS;IFRS,pending,unassessed
QM-016,Net debt to EBITDA,Financial metrics,contracts/03-metrics.md,family draft linked; dedicated completeness and source review not certified,40-metric-specifications.md,SEC-STATEMENTS;IFRS,pending,unassessed
QM-017,EBIT interest coverage,Financial metrics,contracts/03-metrics.md,family draft linked; dedicated completeness and source review not certified,40-metric-specifications.md,SEC-STATEMENTS;IFRS,pending,unassessed
QM-018,Cash interest coverage,Financial metrics,contracts/03-metrics.md,family draft linked; dedicated completeness and source review not certified,40-metric-specifications.md,SEC-STATEMENTS;IFRS,pending,unassessed
QM-019,DSCR,Financial metrics,contracts/03-metrics.md,family draft linked; dedicated completeness and source review not certified,40-metric-specifications.md,SEC-STATEMENTS;IFRS,pending,unassessed
QM-020,Debt maturity concentration,Financial metrics,contracts/03-metrics.md,family draft linked; dedicated completeness and source review not certified,40-metric-specifications.md,SEC-STATEMENTS;IFRS,pending,unassessed
QM-021,Days sales outstanding,Financial metrics,contracts/03-metrics.md,family draft linked; dedicated completeness and source review not certified,40-metric-specifications.md,SEC-STATEMENTS;IFRS,pending,unassessed
QM-022,Days inventory outstanding,Financial metrics,contracts/03-metrics.md,family draft linked; dedicated completeness and source review not certified,40-metric-specifications.md,SEC-STATEMENTS;IFRS,pending,unassessed
QM-023,Days payable outstanding,Financial metrics,contracts/03-metrics.md,family draft linked; dedicated completeness and source review not certified,40-metric-specifications.md,SEC-STATEMENTS;IFRS,pending,unassessed
QM-024,Cash conversion cycle,Financial metrics,contracts/03-metrics.md,family draft linked; dedicated completeness and source review not certified,40-metric-specifications.md,SEC-STATEMENTS;IFRS,pending,unassessed
QM-025,Asset turnover,Financial metrics,contracts/03-metrics.md,family draft linked; dedicated completeness and source review not certified,40-metric-specifications.md,SEC-STATEMENTS;IFRS,pending,unassessed
QM-026,Fixed-asset turnover,Financial metrics,contracts/03-metrics.md,family draft linked; dedicated completeness and source review not certified,40-metric-specifications.md,SEC-STATEMENTS;IFRS,pending,unassessed
QM-027,Inventory turnover,Financial metrics,contracts/03-metrics.md,family draft linked; dedicated completeness and source review not certified,40-metric-specifications.md,SEC-STATEMENTS;IFRS,pending,unassessed
QM-028,Receivable turnover,Financial metrics,contracts/03-metrics.md,family draft linked; dedicated completeness and source review not certified,40-metric-specifications.md,SEC-STATEMENTS;IFRS,pending,unassessed
QM-029,CFO conversion,Financial metrics,contracts/03-metrics.md,family draft linked; dedicated completeness and source review not certified,40-metric-specifications.md,SEC-STATEMENTS;IFRS,pending,unassessed
QM-030,FCF conversion,Financial metrics,contracts/03-metrics.md,family draft linked; dedicated completeness and source review not certified,40-metric-specifications.md,SEC-STATEMENTS;IFRS,pending,unassessed
QM-031,Capex intensity,Financial metrics,contracts/03-metrics.md,family draft linked; dedicated completeness and source review not certified,40-metric-specifications.md,SEC-STATEMENTS;IFRS,pending,unassessed
QM-032,Reinvestment rate,Financial metrics,contracts/03-metrics.md,family draft linked; dedicated completeness and source review not certified,40-metric-specifications.md,SEC-STATEMENTS;IFRS,pending,unassessed
QM-033,Cash earnings accruals,Financial metrics,contracts/03-metrics.md,family draft linked; dedicated completeness and source review not certified,40-metric-specifications.md,SEC-STATEMENTS;IFRS,pending,unassessed
QM-034,Balance-sheet accruals,Financial metrics,contracts/03-metrics.md,family draft linked; dedicated completeness and source review not certified,40-metric-specifications.md,SEC-STATEMENTS;IFRS,pending,unassessed
QM-035,Revenue growth,Financial metrics,contracts/03-metrics.md,family draft linked; dedicated completeness and source review not certified,40-metric-specifications.md,SEC-STATEMENTS;IFRS,pending,unassessed
QM-036,EPS growth,Financial metrics,contracts/03-metrics.md,family draft linked; dedicated completeness and source review not certified,40-metric-specifications.md,SEC-STATEMENTS;IFRS,pending,unassessed
QM-037,Sustainable growth,Financial metrics,contracts/03-metrics.md,family draft linked; dedicated completeness and source review not certified,40-metric-specifications.md,SEC-STATEMENTS;IFRS,pending,unassessed
QM-038,Dividend payout,Financial metrics,contracts/03-metrics.md,family draft linked; dedicated completeness and source review not certified,40-metric-specifications.md,SEC-STATEMENTS;IFRS,pending,unassessed
QM-039,FCF payout coverage,Financial metrics,contracts/03-metrics.md,family draft linked; dedicated completeness and source review not certified,40-metric-specifications.md,SEC-STATEMENTS;IFRS,pending,unassessed
QM-040,Net shareholder yield,Financial metrics,contracts/03-metrics.md,family draft linked; dedicated completeness and source review not certified,40-metric-specifications.md,SEC-STATEMENTS;IFRS,pending,unassessed
QM-041,Dilution rate,Financial metrics,contracts/03-metrics.md,family draft linked; dedicated completeness and source review not certified,40-metric-specifications.md,SEC-STATEMENTS;IFRS,pending,unassessed
QM-042,Enterprise value bridge,Financial metrics,contracts/03-metrics.md,family draft linked; dedicated completeness and source review not certified,40-metric-specifications.md,SEC-STATEMENTS;IFRS,pending,unassessed
QM-043,Price earnings,Financial metrics,contracts/03-metrics.md,family draft linked; dedicated completeness and source review not certified,40-metric-specifications.md,SEC-STATEMENTS;IFRS,pending,unassessed
QM-044,Price book,Financial metrics,contracts/03-metrics.md,family draft linked; dedicated completeness and source review not certified,40-metric-specifications.md,SEC-STATEMENTS;IFRS,pending,unassessed
QM-045,Price sales,Financial metrics,contracts/03-metrics.md,family draft linked; dedicated completeness and source review not certified,40-metric-specifications.md,SEC-STATEMENTS;IFRS,pending,unassessed
QM-046,EV sales,Financial metrics,contracts/03-metrics.md,family draft linked; dedicated completeness and source review not certified,40-metric-specifications.md,SEC-STATEMENTS;IFRS,pending,unassessed
QM-047,EV EBIT,Financial metrics,contracts/03-metrics.md,family draft linked; dedicated completeness and source review not certified,40-metric-specifications.md,SEC-STATEMENTS;IFRS,pending,unassessed
QM-048,EV EBITDA,Financial metrics,contracts/03-metrics.md,family draft linked; dedicated completeness and source review not certified,40-metric-specifications.md,SEC-STATEMENTS;IFRS,pending,unassessed
QM-049,FCF yield,Financial metrics,contracts/03-metrics.md,family draft linked; dedicated completeness and source review not certified,40-metric-specifications.md,SEC-STATEMENTS;IFRS,pending,unassessed
QM-050,Earnings yield,Financial metrics,contracts/03-metrics.md,family draft linked; dedicated completeness and source review not certified,40-metric-specifications.md,SEC-STATEMENTS;IFRS,pending,unassessed
QM-051,PEG,Financial metrics,contracts/03-metrics.md,family draft linked; dedicated completeness and source review not certified,40-metric-specifications.md,SEC-STATEMENTS;IFRS,pending,unassessed
QM-052,Altman Z variants,Financial metrics,contracts/04-forensics.md,family draft linked; dedicated completeness and source review not certified,40-metric-specifications.md,SEC-STATEMENTS;IFRS,pending,unassessed
QM-053,Beneish M variants,Financial metrics,contracts/04-forensics.md,family draft linked; dedicated completeness and source review not certified,40-metric-specifications.md,SEC-STATEMENTS;IFRS,pending,unassessed
QM-054,Piotroski F score,Financial metrics,contracts/04-forensics.md,family draft linked; dedicated completeness and source review not certified,40-metric-specifications.md,SEC-STATEMENTS;IFRS,pending,unassessed
QM-055,Bank net interest margin,Financial metrics,contracts/09-sector-models.md,family draft linked; dedicated completeness and source review not certified,40-metric-specifications.md,SEC-STATEMENTS;IFRS,pending,unassessed
QM-056,Bank loan deposit ratio,Financial metrics,contracts/09-sector-models.md,family draft linked; dedicated completeness and source review not certified,40-metric-specifications.md,SEC-STATEMENTS;IFRS,pending,unassessed
QM-057,Bank nonperforming loans ratio,Financial metrics,contracts/09-sector-models.md,family draft linked; dedicated completeness and source review not certified,40-metric-specifications.md,SEC-STATEMENTS;IFRS,pending,unassessed
QM-058,Bank credit-loss coverage,Financial metrics,contracts/09-sector-models.md,family draft linked; dedicated completeness and source review not certified,40-metric-specifications.md,SEC-STATEMENTS;IFRS,pending,unassessed
QM-059,Bank capital ratios,Financial metrics,contracts/09-sector-models.md,family draft linked; dedicated completeness and source review not certified,40-metric-specifications.md,SEC-STATEMENTS;IFRS,pending,unassessed
QM-060,Insurer combined ratio,Financial metrics,contracts/09-sector-models.md,family draft linked; dedicated completeness and source review not certified,40-metric-specifications.md,SEC-STATEMENTS;IFRS,pending,unassessed
QM-061,Insurer reserve development,Financial metrics,contracts/09-sector-models.md,family draft linked; dedicated completeness and source review not certified,40-metric-specifications.md,SEC-STATEMENTS;IFRS,pending,unassessed
QM-062,Insurer investment float economics,Financial metrics,contracts/09-sector-models.md,family draft linked; dedicated completeness and source review not certified,40-metric-specifications.md,SEC-STATEMENTS;IFRS,pending,unassessed
QM-063,REIT FFO and AFFO,Financial metrics,contracts/09-sector-models.md,family draft linked; dedicated completeness and source review not certified,40-metric-specifications.md,SEC-STATEMENTS;IFRS,pending,unassessed
QM-064,REIT cap rate,Financial metrics,contracts/09-sector-models.md,family draft linked; dedicated completeness and source review not certified,40-metric-specifications.md,SEC-STATEMENTS;IFRS,pending,unassessed
QM-065,SaaS net revenue retention,Financial metrics,contracts/09-sector-models.md,family draft linked; dedicated completeness and source review not certified,40-metric-specifications.md,SEC-STATEMENTS;IFRS,pending,unassessed
QM-066,SaaS gross revenue retention,Financial metrics,contracts/09-sector-models.md,family draft linked; dedicated completeness and source review not certified,40-metric-specifications.md,SEC-STATEMENTS;IFRS,pending,unassessed
QM-067,SaaS CAC payback,Financial metrics,contracts/09-sector-models.md,family draft linked; dedicated completeness and source review not certified,40-metric-specifications.md,SEC-STATEMENTS;IFRS,pending,unassessed
QM-068,SaaS LTV CAC,Financial metrics,contracts/09-sector-models.md,family draft linked; dedicated completeness and source review not certified,40-metric-specifications.md,SEC-STATEMENTS;IFRS,pending,unassessed
QM-069,Resource unit economics,Financial metrics,contracts/09-sector-models.md,family draft linked; dedicated completeness and source review not certified,40-metric-specifications.md,SEC-STATEMENTS;IFRS,pending,unassessed
QM-070,Equal weight,Portfolio objectives and allocation,contracts/06-allocation.md,family draft linked; dedicated completeness and source review not certified,42-optimization-methods.md,HRP;RISKFOLIO;PYPORTFOLIOOPT,pending,unassessed
QM-071,Inverse volatility,Portfolio objectives and allocation,contracts/06-allocation.md,family draft linked; dedicated completeness and source review not certified,42-optimization-methods.md,HRP;RISKFOLIO;PYPORTFOLIOOPT,pending,unassessed
QM-072,Mean variance utility,Portfolio objectives and allocation,contracts/06-allocation.md,family draft linked; dedicated completeness and source review not certified,42-optimization-methods.md,HRP;RISKFOLIO;PYPORTFOLIOOPT,pending,unassessed
QM-073,Efficient frontier,Portfolio objectives and allocation,contracts/06-allocation.md,family draft linked; dedicated completeness and source review not certified,42-optimization-methods.md,HRP;RISKFOLIO;PYPORTFOLIOOPT,pending,unassessed
QM-074,Global minimum variance,Portfolio objectives and allocation,contracts/06-allocation.md,family draft linked; dedicated completeness and source review not certified,42-optimization-methods.md,HRP;RISKFOLIO;PYPORTFOLIOOPT,pending,unassessed
QM-075,Target-return minimum risk,Portfolio objectives and allocation,contracts/06-allocation.md,family draft linked; dedicated completeness and source review not certified,42-optimization-methods.md,HRP;RISKFOLIO;PYPORTFOLIOOPT,pending,unassessed
QM-076,Target-risk maximum return,Portfolio objectives and allocation,contracts/06-allocation.md,family draft linked; dedicated completeness and source review not certified,42-optimization-methods.md,HRP;RISKFOLIO;PYPORTFOLIOOPT,pending,unassessed
QM-077,Maximum Sharpe,Portfolio objectives and allocation,contracts/06-allocation.md,family draft linked; dedicated completeness and source review not certified,42-optimization-methods.md,HRP;RISKFOLIO;PYPORTFOLIOOPT,pending,unassessed
QM-078,Minimum tracking error,Portfolio objectives and allocation,contracts/06-allocation.md,family draft linked; dedicated completeness and source review not certified,42-optimization-methods.md,HRP;RISKFOLIO;PYPORTFOLIOOPT,pending,unassessed
QM-079,Maximum information ratio,Portfolio objectives and allocation,contracts/06-allocation.md,family draft linked; dedicated completeness and source review not certified,42-optimization-methods.md,HRP;RISKFOLIO;PYPORTFOLIOOPT,pending,unassessed
QM-080,Equal risk contribution,Portfolio objectives and allocation,contracts/07-risk-hierarchy.md,family draft linked; dedicated completeness and source review not certified,42-optimization-methods.md,HRP;RISKFOLIO;PYPORTFOLIOOPT,pending,unassessed
QM-081,Generalized risk budgeting,Portfolio objectives and allocation,contracts/07-risk-hierarchy.md,family draft linked; dedicated completeness and source review not certified,42-optimization-methods.md,HRP;RISKFOLIO;PYPORTFOLIOOPT,pending,unassessed
QM-082,Maximum diversification,Portfolio objectives and allocation,contracts/06-allocation.md,family draft linked; dedicated completeness and source review not certified,42-optimization-methods.md,HRP;RISKFOLIO;PYPORTFOLIOOPT,pending,unassessed
QM-083,Minimum correlation,Portfolio objectives and allocation,contracts/06-allocation.md,family draft linked; dedicated completeness and source review not certified,42-optimization-methods.md,HRP;RISKFOLIO;PYPORTFOLIOOPT,pending,unassessed
QM-084,Hierarchical risk parity HRP,Portfolio objectives and allocation,contracts/07-risk-hierarchy.md,family draft linked; dedicated completeness and source review not certified,42-optimization-methods.md,HRP;RISKFOLIO;PYPORTFOLIOOPT,pending,unassessed
QM-085,Hierarchical equal risk contribution HERC,Portfolio objectives and allocation,contracts/07-risk-hierarchy.md,family draft linked; dedicated completeness and source review not certified,42-optimization-methods.md,HRP;RISKFOLIO;PYPORTFOLIOOPT,pending,unassessed
QM-086,Nested clustered optimization NCO,Portfolio objectives and allocation,contracts/07-risk-hierarchy.md,family draft linked; dedicated completeness and source review not certified,42-optimization-methods.md,HRP;RISKFOLIO;PYPORTFOLIOOPT,pending,unassessed
QM-087,Minimum semivariance,Portfolio objectives and allocation,contracts/07-risk-hierarchy.md,family draft linked; dedicated completeness and source review not certified,42-optimization-methods.md,HRP;RISKFOLIO;PYPORTFOLIOOPT,pending,unassessed
QM-088,Minimum expected shortfall CVaR,Portfolio objectives and allocation,contracts/07-risk-hierarchy.md,family draft linked; dedicated completeness and source review not certified,42-optimization-methods.md,HRP;RISKFOLIO;PYPORTFOLIOOPT,pending,unassessed
QM-089,Minimum conditional drawdown CDaR,Portfolio objectives and allocation,contracts/07-risk-hierarchy.md,family draft linked; dedicated completeness and source review not certified,42-optimization-methods.md,HRP;RISKFOLIO;PYPORTFOLIOOPT,pending,unassessed
QM-090,Entropic risk objectives,Portfolio objectives and allocation,contracts/07-risk-hierarchy.md,family draft linked; dedicated completeness and source review not certified,42-optimization-methods.md,HRP;RISKFOLIO;PYPORTFOLIOOPT,pending,unassessed
QM-091,Minimax worst-case loss,Portfolio objectives and allocation,contracts/07-risk-hierarchy.md,family draft linked; dedicated completeness and source review not certified,42-optimization-methods.md,HRP;RISKFOLIO;PYPORTFOLIOOPT,pending,unassessed
QM-092,Robust mean variance,Portfolio objectives and allocation,contracts/07-risk-hierarchy.md,family draft linked; dedicated completeness and source review not certified,42-optimization-methods.md,HRP;RISKFOLIO;PYPORTFOLIOOPT,pending,unassessed
QM-093,Distributionally robust allocation,Portfolio objectives and allocation,contracts/07-risk-hierarchy.md,family draft linked; dedicated completeness and source review not certified,42-optimization-methods.md,HRP;RISKFOLIO;PYPORTFOLIOOPT,pending,unassessed
QM-094,Kelly/log utility,Portfolio objectives and allocation,contracts/06-allocation.md,family draft linked; dedicated completeness and source review not certified,42-optimization-methods.md,HRP;RISKFOLIO;PYPORTFOLIOOPT,pending,unassessed
QM-095,Fractional capped log allocation,Portfolio objectives and allocation,contracts/06-allocation.md,family draft linked; dedicated completeness and source review not certified,42-optimization-methods.md,HRP;RISKFOLIO;PYPORTFOLIOOPT,pending,unassessed
QM-096,Mean variance skew kurtosis,Portfolio objectives and allocation,contracts/06-allocation.md,family draft linked; dedicated completeness and source review not certified,42-optimization-methods.md,HRP;RISKFOLIO;PYPORTFOLIOOPT,pending,unassessed
QM-097,Factor risk budgeting,Portfolio objectives and allocation,contracts/06-allocation.md,family draft linked; dedicated completeness and source review not certified,42-optimization-methods.md,HRP;RISKFOLIO;PYPORTFOLIOOPT,pending,unassessed
QM-098,Liability-relative allocation,Portfolio objectives and allocation,contracts/06-allocation.md,family draft linked; dedicated completeness and source review not certified,42-optimization-methods.md,HRP;RISKFOLIO;PYPORTFOLIOOPT,pending,unassessed
QM-099,Goal-based stochastic allocation,Portfolio objectives and allocation,contracts/06-allocation.md,family draft linked; dedicated completeness and source review not certified,42-optimization-methods.md,HRP;RISKFOLIO;PYPORTFOLIOOPT,pending,unassessed
QM-100,Multiperiod cost-aware allocation,Portfolio objectives and allocation,contracts/06-allocation.md,family draft linked; dedicated completeness and source review not certified,42-optimization-methods.md,HRP;RISKFOLIO;PYPORTFOLIOOPT,pending,unassessed
QM-101,Tax-aware lot allocation,Portfolio objectives and allocation,contracts/06-allocation.md,family draft linked; dedicated completeness and source review not certified,42-optimization-methods.md,HRP;RISKFOLIO;PYPORTFOLIOOPT,pending,unassessed
QM-102,Integer and cardinality allocation,Portfolio objectives and allocation,contracts/06-allocation.md,family draft linked; dedicated completeness and source review not certified,42-optimization-methods.md,HRP;RISKFOLIO;PYPORTFOLIOOPT,pending,unassessed
QM-103,Turnover-constrained rebalance,Portfolio objectives and allocation,contracts/06-allocation.md,family draft linked; dedicated completeness and source review not certified,42-optimization-methods.md,HRP;RISKFOLIO;PYPORTFOLIOOPT,pending,unassessed
QM-104,Arithmetic return estimates,Portfolio estimators and diagnostics,contracts/05-estimators.md,family draft linked; dedicated completeness and source review not certified,42-optimization-methods.md,SHRINKAGE;RISKFOLIO;PYPORTFOLIOOPT,pending,unassessed
QM-105,Geometric return estimates,Portfolio estimators and diagnostics,contracts/05-estimators.md,family draft linked; dedicated completeness and source review not certified,42-optimization-methods.md,SHRINKAGE;RISKFOLIO;PYPORTFOLIOOPT,pending,unassessed
QM-106,Exponentially weighted estimates,Portfolio estimators and diagnostics,contracts/05-estimators.md,family draft linked; dedicated completeness and source review not certified,42-optimization-methods.md,SHRINKAGE;RISKFOLIO;PYPORTFOLIOOPT,pending,unassessed
QM-107,Bayesian/shrunk means,Portfolio estimators and diagnostics,contracts/05-estimators.md,family draft linked; dedicated completeness and source review not certified,42-optimization-methods.md,SHRINKAGE;RISKFOLIO;PYPORTFOLIOOPT,pending,unassessed
QM-108,CAPM-implied returns,Portfolio estimators and diagnostics,contracts/05-estimators.md,family draft linked; dedicated completeness and source review not certified,42-optimization-methods.md,SHRINKAGE;RISKFOLIO;PYPORTFOLIOOPT,pending,unassessed
QM-109,Reverse-optimized equilibrium returns,Portfolio estimators and diagnostics,contracts/05-estimators.md,family draft linked; dedicated completeness and source review not certified,42-optimization-methods.md,SHRINKAGE;RISKFOLIO;PYPORTFOLIOOPT,pending,unassessed
QM-110,Black Litterman,Portfolio estimators and diagnostics,contracts/05-estimators.md,family draft linked; dedicated completeness and source review not certified,42-optimization-methods.md,SHRINKAGE;RISKFOLIO;PYPORTFOLIOOPT,pending,unassessed
QM-111,Entropy pooling,Portfolio estimators and diagnostics,contracts/05-estimators.md,family draft linked; dedicated completeness and source review not certified,42-optimization-methods.md,SHRINKAGE;RISKFOLIO;PYPORTFOLIOOPT,pending,unassessed
QM-112,Sample covariance,Portfolio estimators and diagnostics,contracts/05-estimators.md,family draft linked; dedicated completeness and source review not certified,42-optimization-methods.md,SHRINKAGE;RISKFOLIO;PYPORTFOLIOOPT,pending,unassessed
QM-113,EWMA covariance,Portfolio estimators and diagnostics,contracts/05-estimators.md,family draft linked; dedicated completeness and source review not certified,42-optimization-methods.md,SHRINKAGE;RISKFOLIO;PYPORTFOLIOOPT,pending,unassessed
QM-114,Linear covariance shrinkage,Portfolio estimators and diagnostics,contracts/05-estimators.md,family draft linked; dedicated completeness and source review not certified,42-optimization-methods.md,SHRINKAGE;RISKFOLIO;PYPORTFOLIOOPT,pending,unassessed
QM-115,Nonlinear shrinkage,Portfolio estimators and diagnostics,contracts/05-estimators.md,family draft linked; dedicated completeness and source review not certified,42-optimization-methods.md,SHRINKAGE;RISKFOLIO;PYPORTFOLIOOPT,pending,unassessed
QM-116,Factor covariance,Portfolio estimators and diagnostics,contracts/05-estimators.md,family draft linked; dedicated completeness and source review not certified,42-optimization-methods.md,SHRINKAGE;RISKFOLIO;PYPORTFOLIOOPT,pending,unassessed
QM-117,Robust covariance,Portfolio estimators and diagnostics,contracts/05-estimators.md,family draft linked; dedicated completeness and source review not certified,42-optimization-methods.md,SHRINKAGE;RISKFOLIO;PYPORTFOLIOOPT,pending,unassessed
QM-118,Random-matrix denoising,Portfolio estimators and diagnostics,contracts/05-estimators.md,family draft linked; dedicated completeness and source review not certified,42-optimization-methods.md,SHRINKAGE;RISKFOLIO;PYPORTFOLIOOPT,pending,unassessed
QM-119,Detoning,Portfolio estimators and diagnostics,contracts/05-estimators.md,family draft linked; dedicated completeness and source review not certified,42-optimization-methods.md,SHRINKAGE;RISKFOLIO;PYPORTFOLIOOPT,pending,unassessed
QM-120,Regime covariance,Portfolio estimators and diagnostics,contracts/05-estimators.md,family draft linked; dedicated completeness and source review not certified,42-optimization-methods.md,SHRINKAGE;RISKFOLIO;PYPORTFOLIOOPT,pending,unassessed
QM-121,Clustering distance/linkage,Portfolio estimators and diagnostics,contracts/05-estimators.md,family draft linked; dedicated completeness and source review not certified,42-optimization-methods.md,SHRINKAGE;RISKFOLIO;PYPORTFOLIOOPT,pending,unassessed
QM-122,Bootstrap weight stability,Portfolio estimators and diagnostics,contracts/05-estimators.md,family draft linked; dedicated completeness and source review not certified,42-optimization-methods.md,SHRINKAGE;RISKFOLIO;PYPORTFOLIOOPT,pending,unassessed
QM-123,Marginal/component risk,Portfolio estimators and diagnostics,contracts/07-risk-hierarchy.md,family draft linked; dedicated completeness and source review not certified,42-optimization-methods.md,SHRINKAGE;RISKFOLIO;PYPORTFOLIOOPT,pending,unassessed
QM-124,Effective bets/concentration,Portfolio estimators and diagnostics,contracts/07-risk-hierarchy.md,family draft linked; dedicated completeness and source review not certified,42-optimization-methods.md,SHRINKAGE;RISKFOLIO;PYPORTFOLIOOPT,pending,unassessed
QM-125,Constraint shadow prices,Portfolio estimators and diagnostics,contracts/07-risk-hierarchy.md,family draft linked; dedicated completeness and source review not certified,42-optimization-methods.md,SHRINKAGE;RISKFOLIO;PYPORTFOLIOOPT,pending,unassessed
QM-126,CAPM regression,Factor models and construction,contracts/13-factors.md,family draft linked; dedicated completeness and source review not certified,08-factors.md,FRENCH;FF5;OPEN-AP;MULTIPLE-TESTS,pending,unassessed
QM-127,Fama French three-factor,Factor models and construction,contracts/13-factors.md,family draft linked; dedicated completeness and source review not certified,08-factors.md,FRENCH;FF5;OPEN-AP;MULTIPLE-TESTS,pending,unassessed
QM-128,Fama French five-factor,Factor models and construction,contracts/13-factors.md,family draft linked; dedicated completeness and source review not certified,08-factors.md,FRENCH;FF5;OPEN-AP;MULTIPLE-TESTS,pending,unassessed
QM-129,Carhart-type four-factor,Factor models and construction,contracts/13-factors.md,family draft linked; dedicated completeness and source review not certified,08-factors.md,FRENCH;FF5;OPEN-AP;MULTIPLE-TESTS,pending,unassessed
QM-130,Q-factor models,Factor models and construction,contracts/13-factors.md,family draft linked; dedicated completeness and source review not certified,08-factors.md,FRENCH;FF5;OPEN-AP;MULTIPLE-TESTS,pending,unassessed
QM-131,Quality minus junk,Factor models and construction,contracts/13-factors.md,family draft linked; dedicated completeness and source review not certified,08-factors.md,FRENCH;FF5;OPEN-AP;MULTIPLE-TESTS,pending,unassessed
QM-132,Betting against beta,Factor models and construction,contracts/13-factors.md,family draft linked; dedicated completeness and source review not certified,08-factors.md,FRENCH;FF5;OPEN-AP;MULTIPLE-TESTS,pending,unassessed
QM-133,Liquidity factor models,Factor models and construction,contracts/13-factors.md,family draft linked; dedicated completeness and source review not certified,08-factors.md,FRENCH;FF5;OPEN-AP;MULTIPLE-TESTS,pending,unassessed
QM-134,Macro factor models,Factor models and construction,contracts/13-factors.md,family draft linked; dedicated completeness and source review not certified,08-factors.md,FRENCH;FF5;OPEN-AP;MULTIPLE-TESTS,pending,unassessed
QM-135,Statistical PCA factors,Factor models and construction,contracts/13-factors.md,family draft linked; dedicated completeness and source review not certified,08-factors.md,FRENCH;FF5;OPEN-AP;MULTIPLE-TESTS,pending,unassessed
QM-136,Fundamental characteristic risk models,Factor models and construction,contracts/13-factors.md,family draft linked; dedicated completeness and source review not certified,08-factors.md,FRENCH;FF5;OPEN-AP;MULTIPLE-TESTS,pending,unassessed
QM-137,Rolling factor regressions,Factor models and construction,contracts/13-factors.md,family draft linked; dedicated completeness and source review not certified,08-factors.md,FRENCH;FF5;OPEN-AP;MULTIPLE-TESTS,pending,unassessed
QM-138,State-space time-varying betas,Factor models and construction,contracts/13-factors.md,family draft linked; dedicated completeness and source review not certified,08-factors.md,FRENCH;FF5;OPEN-AP;MULTIPLE-TESTS,pending,unassessed
QM-139,Factor mimicking portfolios,Factor models and construction,contracts/13-factors.md,family draft linked; dedicated completeness and source review not certified,08-factors.md,FRENCH;FF5;OPEN-AP;MULTIPLE-TESTS,pending,unassessed
QM-140,Single sorts,Factor models and construction,contracts/13-factors.md,family draft linked; dedicated completeness and source review not certified,08-factors.md,FRENCH;FF5;OPEN-AP;MULTIPLE-TESTS,pending,unassessed
QM-141,Double sorts,Factor models and construction,contracts/13-factors.md,family draft linked; dedicated completeness and source review not certified,08-factors.md,FRENCH;FF5;OPEN-AP;MULTIPLE-TESTS,pending,unassessed
QM-142,Fama MacBeth regression,Factor models and construction,contracts/13-factors.md,family draft linked; dedicated completeness and source review not certified,08-factors.md,FRENCH;FF5;OPEN-AP;MULTIPLE-TESTS,pending,unassessed
QM-143,Rank information coefficient,Factor models and construction,contracts/13-factors.md,family draft linked; dedicated completeness and source review not certified,08-factors.md,FRENCH;FF5;OPEN-AP;MULTIPLE-TESTS,pending,unassessed
QM-144,Signal decay and turnover,Factor models and construction,contracts/13-factors.md,family draft linked; dedicated completeness and source review not certified,08-factors.md,FRENCH;FF5;OPEN-AP;MULTIPLE-TESTS,pending,unassessed
QM-145,Sector/country neutralization,Factor models and construction,contracts/13-factors.md,family draft linked; dedicated completeness and source review not certified,08-factors.md,FRENCH;FF5;OPEN-AP;MULTIPLE-TESTS,pending,unassessed
QM-146,Orthogonalized composite factors,Factor models and construction,contracts/13-factors.md,family draft linked; dedicated completeness and source review not certified,08-factors.md,FRENCH;FF5;OPEN-AP;MULTIPLE-TESTS,pending,unassessed
QM-147,Characteristic interactions,Factor models and construction,contracts/13-factors.md,family draft linked; dedicated completeness and source review not certified,08-factors.md,FRENCH;FF5;OPEN-AP;MULTIPLE-TESTS,pending,unassessed
QM-148,Post-publication analysis,Factor models and construction,contracts/13-factors.md,family draft linked; dedicated completeness and source review not certified,08-factors.md,FRENCH;FF5;OPEN-AP;MULTIPLE-TESTS,pending,unassessed
QM-149,Replication and variant attribution,Factor models and construction,contracts/13-factors.md,family draft linked; dedicated completeness and source review not certified,08-factors.md,FRENCH;FF5;OPEN-AP;MULTIPLE-TESTS,pending,unassessed
QM-150,As-of data joins,Backtesting and empirical validation,contracts/14-backtesting.md,family draft linked; dedicated completeness and source review not certified,43-backtest-methods.md,CHAN;PRADO-PUBLICATIONS;OVERFIT;SKLEARN,pending,unassessed
QM-151,Survivorship-free universes,Backtesting and empirical validation,contracts/14-backtesting.md,family draft linked; dedicated completeness and source review not certified,43-backtest-methods.md,CHAN;PRADO-PUBLICATIONS;OVERFIT;SKLEARN,pending,unassessed
QM-152,Publication vintage replay,Backtesting and empirical validation,contracts/14-backtesting.md,family draft linked; dedicated completeness and source review not certified,43-backtest-methods.md,CHAN;PRADO-PUBLICATIONS;OVERFIT;SKLEARN,pending,unassessed
QM-153,Prefix causality tests,Backtesting and empirical validation,contracts/14-backtesting.md,family draft linked; dedicated completeness and source review not certified,43-backtest-methods.md,CHAN;PRADO-PUBLICATIONS;OVERFIT;SKLEARN,pending,unassessed
QM-154,Independent synthetic calibration,Backtesting and empirical validation,contracts/14-backtesting.md,family draft linked; dedicated completeness and source review not certified,43-backtest-methods.md,CHAN;PRADO-PUBLICATIONS;OVERFIT;SKLEARN,pending,unassessed
QM-155,Published strategy replication,Backtesting and empirical validation,contracts/14-backtesting.md,family draft linked; dedicated completeness and source review not certified,43-backtest-methods.md,CHAN;PRADO-PUBLICATIONS;OVERFIT;SKLEARN,pending,unassessed
QM-156,Chronological final holdout,Backtesting and empirical validation,contracts/14-backtesting.md,family draft linked; dedicated completeness and source review not certified,43-backtest-methods.md,CHAN;PRADO-PUBLICATIONS;OVERFIT;SKLEARN,pending,unassessed
QM-157,Expanding walk-forward,Backtesting and empirical validation,contracts/14-backtesting.md,family draft linked; dedicated completeness and source review not certified,43-backtest-methods.md,CHAN;PRADO-PUBLICATIONS;OVERFIT;SKLEARN,pending,unassessed
QM-158,Rolling walk-forward,Backtesting and empirical validation,contracts/14-backtesting.md,family draft linked; dedicated completeness and source review not certified,43-backtest-methods.md,CHAN;PRADO-PUBLICATIONS;OVERFIT;SKLEARN,pending,unassessed
QM-159,Purged cross-validation,Backtesting and empirical validation,contracts/14-backtesting.md,family draft linked; dedicated completeness and source review not certified,43-backtest-methods.md,CHAN;PRADO-PUBLICATIONS;OVERFIT;SKLEARN,pending,unassessed
QM-160,Embargoed evaluation,Backtesting and empirical validation,contracts/14-backtesting.md,family draft linked; dedicated completeness and source review not certified,43-backtest-methods.md,CHAN;PRADO-PUBLICATIONS;OVERFIT;SKLEARN,pending,unassessed
QM-161,Combinatorial purged CV,Backtesting and empirical validation,contracts/14-backtesting.md,family draft linked; dedicated completeness and source review not certified,43-backtest-methods.md,CHAN;PRADO-PUBLICATIONS;OVERFIT;SKLEARN,pending,unassessed
QM-162,CSCV/PBO,Backtesting and empirical validation,contracts/25-pbo.md,family draft linked; dedicated completeness and source review not certified,43-backtest-methods.md,CHAN;PRADO-PUBLICATIONS;OVERFIT;SKLEARN,pending,unassessed
QM-163,Probabilistic Sharpe PSR,Backtesting and empirical validation,contracts/23-selection-statistics.md,family draft linked; dedicated completeness and source review not certified,43-backtest-methods.md,CHAN;PRADO-PUBLICATIONS;OVERFIT;SKLEARN,pending,unassessed
QM-164,Deflated Sharpe DSR,Backtesting and empirical validation,contracts/23-selection-statistics.md,family draft linked; dedicated completeness and source review not certified,43-backtest-methods.md,CHAN;PRADO-PUBLICATIONS;OVERFIT;SKLEARN,pending,unassessed
QM-165,Minimum track record,Backtesting and empirical validation,contracts/23-selection-statistics.md,family draft linked; dedicated completeness and source review not certified,43-backtest-methods.md,CHAN;PRADO-PUBLICATIONS;OVERFIT;SKLEARN,pending,unassessed
QM-166,Block bootstrap,Backtesting and empirical validation,contracts/15-validation.md,family draft linked; dedicated completeness and source review not certified,43-backtest-methods.md,CHAN;PRADO-PUBLICATIONS;OVERFIT;SKLEARN,pending,unassessed
QM-167,Stationary bootstrap,Backtesting and empirical validation,contracts/15-validation.md,family draft linked; dedicated completeness and source review not certified,43-backtest-methods.md,CHAN;PRADO-PUBLICATIONS;OVERFIT;SKLEARN,pending,unassessed
QM-168,Monte Carlo null tests,Backtesting and empirical validation,contracts/15-validation.md,family draft linked; dedicated completeness and source review not certified,43-backtest-methods.md,CHAN;PRADO-PUBLICATIONS;OVERFIT;SKLEARN,pending,unassessed
QM-169,Placebo/randomized signal tests,Backtesting and empirical validation,contracts/15-validation.md,family draft linked; dedicated completeness and source review not certified,43-backtest-methods.md,CHAN;PRADO-PUBLICATIONS;OVERFIT;SKLEARN,pending,unassessed
QM-170,Multiple-test corrections,Backtesting and empirical validation,contracts/15-validation.md,family draft linked; dedicated completeness and source review not certified,43-backtest-methods.md,CHAN;PRADO-PUBLICATIONS;OVERFIT;SKLEARN,pending,unassessed
QM-171,Parameter perturbation,Backtesting and empirical validation,contracts/15-validation.md,family draft linked; dedicated completeness and source review not certified,43-backtest-methods.md,CHAN;PRADO-PUBLICATIONS;OVERFIT;SKLEARN,pending,unassessed
QM-172,Subperiod/regime validation,Backtesting and empirical validation,contracts/15-validation.md,family draft linked; dedicated completeness and source review not certified,43-backtest-methods.md,CHAN;PRADO-PUBLICATIONS;OVERFIT;SKLEARN,pending,unassessed
QM-173,Universe sensitivity,Backtesting and empirical validation,contracts/15-validation.md,family draft linked; dedicated completeness and source review not certified,43-backtest-methods.md,CHAN;PRADO-PUBLICATIONS;OVERFIT;SKLEARN,pending,unassessed
QM-174,Cost breakeven/capacity,Backtesting and empirical validation,contracts/15-validation.md,family draft linked; dedicated completeness and source review not certified,43-backtest-methods.md,CHAN;PRADO-PUBLICATIONS;OVERFIT;SKLEARN,pending,unassessed
QM-175,Paper/live reconciliation,Backtesting and empirical validation,contracts/15-validation.md,family draft linked; dedicated completeness and source review not certified,43-backtest-methods.md,CHAN;PRADO-PUBLICATIONS;OVERFIT;SKLEARN,pending,unassessed
QM-176,Tick/event/dollar/volume sampling,Backtesting and empirical validation,contracts/15-validation.md,family draft linked; dedicated completeness and source review not certified,43-backtest-methods.md,CHAN;PRADO-PUBLICATIONS;OVERFIT;SKLEARN,pending,unassessed
QM-177,Triple-barrier labels,Backtesting and empirical validation,contracts/15-validation.md,family draft linked; dedicated completeness and source review not certified,43-backtest-methods.md,CHAN;PRADO-PUBLICATIONS;OVERFIT;SKLEARN,pending,unassessed
QM-178,Meta-labeling,Backtesting and empirical validation,contracts/15-validation.md,family draft linked; dedicated completeness and source review not certified,43-backtest-methods.md,CHAN;PRADO-PUBLICATIONS;OVERFIT;SKLEARN,pending,unassessed
QM-179,Sample uniqueness weights,Backtesting and empirical validation,contracts/15-validation.md,family draft linked; dedicated completeness and source review not certified,43-backtest-methods.md,CHAN;PRADO-PUBLICATIONS;OVERFIT;SKLEARN,pending,unassessed
QM-180,Sequential bootstrap,Backtesting and empirical validation,contracts/15-validation.md,family draft linked; dedicated completeness and source review not certified,43-backtest-methods.md,CHAN;PRADO-PUBLICATIONS;OVERFIT;SKLEARN,pending,unassessed
QM-181,Fractional differencing,Backtesting and empirical validation,contracts/15-validation.md,family draft linked; dedicated completeness and source review not certified,43-backtest-methods.md,CHAN;PRADO-PUBLICATIONS;OVERFIT;SKLEARN,pending,unassessed
QM-182,Feature permutation importance,Backtesting and empirical validation,contracts/15-validation.md,family draft linked; dedicated completeness and source review not certified,43-backtest-methods.md,CHAN;PRADO-PUBLICATIONS;OVERFIT;SKLEARN,pending,unassessed
QM-183,Orthogonal feature importance,Backtesting and empirical validation,contracts/15-validation.md,family draft linked; dedicated completeness and source review not certified,43-backtest-methods.md,CHAN;PRADO-PUBLICATIONS;OVERFIT;SKLEARN,pending,unassessed
QM-184,Purged hyperparameter search,Backtesting and empirical validation,contracts/15-validation.md,family draft linked; dedicated completeness and source review not certified,43-backtest-methods.md,CHAN;PRADO-PUBLICATIONS;OVERFIT;SKLEARN,pending,unassessed
QM-185,OHLC ambiguity bounds,Backtesting and empirical validation,contracts/14-backtesting.md,family draft linked; dedicated completeness and source review not certified,43-backtest-methods.md,CHAN;PRADO-PUBLICATIONS;OVERFIT;SKLEARN,pending,unassessed
QM-186,Gap stop execution fixtures,Backtesting and empirical validation,contracts/14-backtesting.md,family draft linked; dedicated completeness and source review not certified,43-backtest-methods.md,CHAN;PRADO-PUBLICATIONS;OVERFIT;SKLEARN,pending,unassessed
QM-187,Terminal/timeout cost fixtures,Backtesting and empirical validation,contracts/14-backtesting.md,family draft linked; dedicated completeness and source review not certified,43-backtest-methods.md,CHAN;PRADO-PUBLICATIONS;OVERFIT;SKLEARN,pending,unassessed
QM-188,Restart/unknown order replay,Backtesting and empirical validation,contracts/22-execution.md,family draft linked; dedicated completeness and source review not certified,43-backtest-methods.md,CHAN;PRADO-PUBLICATIONS;OVERFIT;SKLEARN,pending,unassessed
QM-189,FCFF DCF,Valuation model families,contracts/08-valuation.md,family draft linked; dedicated completeness and source review not certified,41-sector-valuation.md,DAMODARAN;DAMODARAN-SECTORS,pending,unassessed
QM-190,FCFE DCF,Valuation model families,contracts/08-valuation.md,family draft linked; dedicated completeness and source review not certified,41-sector-valuation.md,DAMODARAN;DAMODARAN-SECTORS,pending,unassessed
QM-191,Dividend discount,Valuation model families,contracts/08-valuation.md,family draft linked; dedicated completeness and source review not certified,41-sector-valuation.md,DAMODARAN;DAMODARAN-SECTORS,pending,unassessed
QM-192,Residual income,Valuation model families,contracts/08-valuation.md,family draft linked; dedicated completeness and source review not certified,41-sector-valuation.md,DAMODARAN;DAMODARAN-SECTORS,pending,unassessed
QM-193,Excess-return capital model,Valuation model families,contracts/08-valuation.md,family draft linked; dedicated completeness and source review not certified,41-sector-valuation.md,DAMODARAN;DAMODARAN-SECTORS,pending,unassessed
QM-194,Relative multiples,Valuation model families,contracts/08-valuation.md,family draft linked; dedicated completeness and source review not certified,41-sector-valuation.md,DAMODARAN;DAMODARAN-SECTORS,pending,unassessed
QM-195,Reverse DCF,Valuation model families,contracts/08-valuation.md,family draft linked; dedicated completeness and source review not certified,41-sector-valuation.md,DAMODARAN;DAMODARAN-SECTORS,pending,unassessed
QM-196,Sum of parts,Valuation model families,contracts/08-valuation.md,family draft linked; dedicated completeness and source review not certified,41-sector-valuation.md,DAMODARAN;DAMODARAN-SECTORS,pending,unassessed
QM-197,NAV/appraisal valuation,Valuation model families,contracts/08-valuation.md,family draft linked; dedicated completeness and source review not certified,41-sector-valuation.md,DAMODARAN;DAMODARAN-SECTORS,pending,unassessed
QM-198,Liquidation/recovery,Valuation model families,contracts/08-valuation.md,family draft linked; dedicated completeness and source review not certified,41-sector-valuation.md,DAMODARAN;DAMODARAN-SECTORS,pending,unassessed
QM-199,Real-option/scenario valuation,Valuation model families,contracts/08-valuation.md,family draft linked; dedicated completeness and source review not certified,41-sector-valuation.md,DAMODARAN;DAMODARAN-SECTORS,pending,unassessed
QM-200,Acquisition synergy/control,Valuation model families,contracts/08-valuation.md,family draft linked; dedicated completeness and source review not certified,41-sector-valuation.md,DAMODARAN;DAMODARAN-SECTORS,pending,unassessed
QM-201,Serial acquirer valuation,Valuation model families,contracts/08-valuation.md,family draft linked; dedicated completeness and source review not certified,41-sector-valuation.md,DAMODARAN;DAMODARAN-SECTORS,pending,unassessed
QM-202,Bank valuation profile,Valuation model families,contracts/09-sector-models.md,family draft linked; dedicated completeness and source review not certified,41-sector-valuation.md,DAMODARAN;DAMODARAN-SECTORS,pending,unassessed
QM-203,P&C insurer profile,Valuation model families,contracts/09-sector-models.md,family draft linked; dedicated completeness and source review not certified,41-sector-valuation.md,DAMODARAN;DAMODARAN-SECTORS,pending,unassessed
QM-204,Life insurer profile,Valuation model families,contracts/09-sector-models.md,family draft linked; dedicated completeness and source review not certified,41-sector-valuation.md,DAMODARAN;DAMODARAN-SECTORS,pending,unassessed
QM-205,Conglomerate profile,Valuation model families,contracts/09-sector-models.md,family draft linked; dedicated completeness and source review not certified,41-sector-valuation.md,DAMODARAN;DAMODARAN-SECTORS,pending,unassessed
QM-206,REIT property profile,Valuation model families,contracts/09-sector-models.md,family draft linked; dedicated completeness and source review not certified,41-sector-valuation.md,DAMODARAN;DAMODARAN-SECTORS,pending,unassessed
QM-207,SaaS subscription profile,Valuation model families,contracts/09-sector-models.md,family draft linked; dedicated completeness and source review not certified,41-sector-valuation.md,DAMODARAN;DAMODARAN-SECTORS,pending,unassessed
QM-208,Marketplace profile,Valuation model families,contracts/09-sector-models.md,family draft linked; dedicated completeness and source review not certified,41-sector-valuation.md,DAMODARAN;DAMODARAN-SECTORS,pending,unassessed
QM-209,Resource producer profile,Valuation model families,contracts/09-sector-models.md,family draft linked; dedicated completeness and source review not certified,41-sector-valuation.md,DAMODARAN;DAMODARAN-SECTORS,pending,unassessed
QM-210,Regulated utility profile,Valuation model families,contracts/09-sector-models.md,family draft linked; dedicated completeness and source review not certified,41-sector-valuation.md,DAMODARAN;DAMODARAN-SECTORS,pending,unassessed
QM-211,Distressed company profile,Valuation model families,contracts/09-sector-models.md,family draft linked; dedicated completeness and source review not certified,41-sector-valuation.md,DAMODARAN;DAMODARAN-SECTORS,pending,unassessed
QM-212,Early-stage biotech profile,Valuation model families,contracts/09-sector-models.md,family draft linked; dedicated completeness and source review not certified,41-sector-valuation.md,DAMODARAN;DAMODARAN-SECTORS,pending,unassessed
QM-213,Asset manager broker profile,Valuation model families,contracts/09-sector-models.md,family draft linked; dedicated completeness and source review not certified,41-sector-valuation.md,DAMODARAN;DAMODARAN-SECTORS,pending,unassessed
QM-214,Compound growth calculator,Household simulation and calculators,contracts/17-household-model.md,family draft linked; dedicated completeness and source review not certified,44-household-simulation.md,RETIREMENT;CFP;CRA,pending,unassessed
QM-215,Income-growth projection,Household simulation and calculators,contracts/17-household-model.md,family draft linked; dedicated completeness and source review not certified,44-household-simulation.md,RETIREMENT;CFP;CRA,pending,unassessed
QM-216,Spending-inflation projection,Household simulation and calculators,contracts/17-household-model.md,family draft linked; dedicated completeness and source review not certified,44-household-simulation.md,RETIREMENT;CFP;CRA,pending,unassessed
QM-217,Monthly cash-flow balance,Household simulation and calculators,contracts/17-household-model.md,family draft linked; dedicated completeness and source review not certified,44-household-simulation.md,RETIREMENT;CFP;CRA,pending,unassessed
QM-218,Debt amortization/refinancing,Household simulation and calculators,contracts/17-household-model.md,family draft linked; dedicated completeness and source review not certified,44-household-simulation.md,RETIREMENT;CFP;CRA,pending,unassessed
QM-219,Emergency liquidity planning,Household simulation and calculators,contracts/17-household-model.md,family draft linked; dedicated completeness and source review not certified,44-household-simulation.md,RETIREMENT;CFP;CRA,pending,unassessed
QM-220,Education/property goals,Household simulation and calculators,contracts/17-household-model.md,family draft linked; dedicated completeness and source review not certified,44-household-simulation.md,RETIREMENT;CFP;CRA,pending,unassessed
QM-221,Account contribution policies,Household simulation and calculators,contracts/17-household-model.md,family draft linked; dedicated completeness and source review not certified,44-household-simulation.md,RETIREMENT;CFP;CRA,pending,unassessed
QM-222,Deterministic scenario projection,Household simulation and calculators,contracts/17-household-model.md,family draft linked; dedicated completeness and source review not certified,44-household-simulation.md,RETIREMENT;CFP;CRA,pending,unassessed
QM-223,Historical rolling windows,Household simulation and calculators,contracts/17-household-model.md,family draft linked; dedicated completeness and source review not certified,44-household-simulation.md,RETIREMENT;CFP;CRA,pending,unassessed
QM-224,Multivariate block bootstrap,Household simulation and calculators,contracts/17-household-model.md,family draft linked; dedicated completeness and source review not certified,44-household-simulation.md,RETIREMENT;CFP;CRA,pending,unassessed
QM-225,Stochastic regime scenarios,Household simulation and calculators,contracts/17-household-model.md,family draft linked; dedicated completeness and source review not certified,44-household-simulation.md,RETIREMENT;CFP;CRA,pending,unassessed
QM-226,Sequence-of-returns analysis,Household simulation and calculators,contracts/17-household-model.md,family draft linked; dedicated completeness and source review not certified,44-household-simulation.md,RETIREMENT;CFP;CRA,pending,unassessed
QM-227,Contribution sequence analysis,Household simulation and calculators,contracts/17-household-model.md,family draft linked; dedicated completeness and source review not certified,44-household-simulation.md,RETIREMENT;CFP;CRA,pending,unassessed
QM-228,Longevity and partner survival,Household simulation and calculators,contracts/17-household-model.md,family draft linked; dedicated completeness and source review not certified,44-household-simulation.md,RETIREMENT;CFP;CRA,pending,unassessed
QM-229,Pension benefit timing,Household simulation and calculators,contracts/17-household-model.md,family draft linked; dedicated completeness and source review not certified,44-household-simulation.md,RETIREMENT;CFP;CRA,pending,unassessed
QM-230,Fixed real withdrawal,Household simulation and calculators,contracts/17-household-model.md,family draft linked; dedicated completeness and source review not certified,44-household-simulation.md,RETIREMENT;CFP;CRA,pending,unassessed
QM-231,Fixed percentage withdrawal,Household simulation and calculators,contracts/17-household-model.md,family draft linked; dedicated completeness and source review not certified,44-household-simulation.md,RETIREMENT;CFP;CRA,pending,unassessed
QM-232,Guardrail withdrawal,Household simulation and calculators,contracts/17-household-model.md,family draft linked; dedicated completeness and source review not certified,44-household-simulation.md,RETIREMENT;CFP;CRA,pending,unassessed
QM-233,Funded-ratio policy,Household simulation and calculators,contracts/17-household-model.md,family draft linked; dedicated completeness and source review not certified,44-household-simulation.md,RETIREMENT;CFP;CRA,pending,unassessed
QM-234,Floor and upside policy,Household simulation and calculators,contracts/17-household-model.md,family draft linked; dedicated completeness and source review not certified,44-household-simulation.md,RETIREMENT;CFP;CRA,pending,unassessed
QM-235,Bucket/bond-ladder policy,Household simulation and calculators,contracts/17-household-model.md,family draft linked; dedicated completeness and source review not certified,44-household-simulation.md,RETIREMENT;CFP;CRA,pending,unassessed
QM-236,Annuity comparison,Household simulation and calculators,contracts/17-household-model.md,family draft linked; dedicated completeness and source review not certified,44-household-simulation.md,RETIREMENT;CFP;CRA,pending,unassessed
QM-237,Classic full FIRE scenario,Household simulation and calculators,contracts/17-household-model.md,family draft linked; dedicated completeness and source review not certified,44-household-simulation.md,RETIREMENT;CFP;CRA,pending,unassessed
QM-238,Lean/Fat FIRE scenarios,Household simulation and calculators,contracts/17-household-model.md,family draft linked; dedicated completeness and source review not certified,44-household-simulation.md,RETIREMENT;CFP;CRA,pending,unassessed
QM-239,Coast FIRE scenario,Household simulation and calculators,contracts/17-household-model.md,family draft linked; dedicated completeness and source review not certified,44-household-simulation.md,RETIREMENT;CFP;CRA,pending,unassessed
QM-240,Barista/partial-work FIRE,Household simulation and calculators,contracts/17-household-model.md,family draft linked; dedicated completeness and source review not certified,44-household-simulation.md,RETIREMENT;CFP;CRA,pending,unassessed
QM-241,Phased/semi-retirement,Household simulation and calculators,contracts/17-household-model.md,family draft linked; dedicated completeness and source review not certified,44-household-simulation.md,RETIREMENT;CFP;CRA,pending,unassessed
QM-242,Withdrawal account sequencing,Household simulation and calculators,contracts/17-household-model.md,family draft linked; dedicated completeness and source review not certified,44-household-simulation.md,RETIREMENT;CFP;CRA,pending,unassessed
QM-243,Shortfall and success measures,Household simulation and calculators,contracts/17-household-model.md,family draft linked; dedicated completeness and source review not certified,44-household-simulation.md,RETIREMENT;CFP;CRA,pending,unassessed
QM-244,Sustainable consumption sensitivity,Household simulation and calculators,contracts/17-household-model.md,family draft linked; dedicated completeness and source review not certified,44-household-simulation.md,RETIREMENT;CFP;CRA,pending,unassessed
QM-245,Estate legacy scenarios,Household simulation and calculators,contracts/17-household-model.md,family draft linked; dedicated completeness and source review not certified,44-household-simulation.md,RETIREMENT;CFP;CRA,pending,unassessed
QM-246,Health/care and life-event stress,Household simulation and calculators,contracts/17-household-model.md,family draft linked; dedicated completeness and source review not certified,44-household-simulation.md,RETIREMENT;CFP;CRA,pending,unassessed
QM-247,Human-capital exposure,Household simulation and calculators,contracts/17-household-model.md,family draft linked; dedicated completeness and source review not certified,44-household-simulation.md,RETIREMENT;CFP;CRA,pending,unassessed
QM-248,Discount factors and schedules,Pricing risk and numerical methods,contracts/10-curves-credit.md,family draft linked; dedicated completeness and source review not certified,38-numerical-model-risk.md,QUANTLIB;SVI;FRM,pending,unassessed
QM-249,Curve bootstrap,Pricing risk and numerical methods,contracts/10-curves-credit.md,family draft linked; dedicated completeness and source review not certified,38-numerical-model-risk.md,QUANTLIB;SVI;FRM,pending,unassessed
QM-250,Yield and spread solvers,Pricing risk and numerical methods,contracts/10-curves-credit.md,family draft linked; dedicated completeness and source review not certified,38-numerical-model-risk.md,QUANTLIB;SVI;FRM,pending,unassessed
QM-251,Duration convexity key-rate DV01,Pricing risk and numerical methods,contracts/10-curves-credit.md,family draft linked; dedicated completeness and source review not certified,38-numerical-model-risk.md,QUANTLIB;SVI;FRM,pending,unassessed
QM-252,Default hazard recovery,Pricing risk and numerical methods,contracts/10-curves-credit.md,family draft linked; dedicated completeness and source review not certified,38-numerical-model-risk.md,QUANTLIB;SVI;FRM,pending,unassessed
QM-253,Black Scholes Merton,Pricing risk and numerical methods,contracts/11-option-pricing.md,family draft linked; dedicated completeness and source review not certified,38-numerical-model-risk.md,QUANTLIB;SVI;FRM,pending,unassessed
QM-254,Black futures-option model,Pricing risk and numerical methods,contracts/11-option-pricing.md,family draft linked; dedicated completeness and source review not certified,38-numerical-model-risk.md,QUANTLIB;SVI;FRM,pending,unassessed
QM-255,Bachelier normal model,Pricing risk and numerical methods,contracts/11-option-pricing.md,family draft linked; dedicated completeness and source review not certified,38-numerical-model-risk.md,QUANTLIB;SVI;FRM,pending,unassessed
QM-256,FX option reference model,Pricing risk and numerical methods,contracts/11-option-pricing.md,family draft linked; dedicated completeness and source review not certified,38-numerical-model-risk.md,QUANTLIB;SVI;FRM,pending,unassessed
QM-257,Binomial trinomial trees,Pricing risk and numerical methods,contracts/11-option-pricing.md,family draft linked; dedicated completeness and source review not certified,38-numerical-model-risk.md,QUANTLIB;SVI;FRM,pending,unassessed
QM-258,Finite-difference pricing,Pricing risk and numerical methods,contracts/11-option-pricing.md,family draft linked; dedicated completeness and source review not certified,38-numerical-model-risk.md,QUANTLIB;SVI;FRM,pending,unassessed
QM-259,Monte Carlo pricing,Pricing risk and numerical methods,contracts/11-option-pricing.md,family draft linked; dedicated completeness and source review not certified,38-numerical-model-risk.md,QUANTLIB;SVI;FRM,pending,unassessed
QM-260,Variance reduction,Pricing risk and numerical methods,contracts/11-option-pricing.md,family draft linked; dedicated completeness and source review not certified,38-numerical-model-risk.md,QUANTLIB;SVI;FRM,pending,unassessed
QM-261,American exercise models,Pricing risk and numerical methods,contracts/11-option-pricing.md,family draft linked; dedicated completeness and source review not certified,38-numerical-model-risk.md,QUANTLIB;SVI;FRM,pending,unassessed
QM-262,Implied volatility inversion,Pricing risk and numerical methods,contracts/11-option-pricing.md,family draft linked; dedicated completeness and source review not certified,38-numerical-model-risk.md,QUANTLIB;SVI;FRM,pending,unassessed
QM-263,SVI SSVI calibration,Pricing risk and numerical methods,contracts/12-volatility.md,family draft linked; dedicated completeness and source review not certified,38-numerical-model-risk.md,QUANTLIB;SVI;FRM,pending,unassessed
QM-264,SABR calibration,Pricing risk and numerical methods,contracts/12-volatility.md,family draft linked; dedicated completeness and source review not certified,38-numerical-model-risk.md,QUANTLIB;SVI;FRM,pending,unassessed
QM-265,Local volatility,Pricing risk and numerical methods,contracts/12-volatility.md,family draft linked; dedicated completeness and source review not certified,38-numerical-model-risk.md,QUANTLIB;SVI;FRM,pending,unassessed
QM-266,Heston stochastic volatility,Pricing risk and numerical methods,contracts/12-volatility.md,family draft linked; dedicated completeness and source review not certified,38-numerical-model-risk.md,QUANTLIB;SVI;FRM,pending,unassessed
QM-267,Jump diffusion models,Pricing risk and numerical methods,contracts/12-volatility.md,family draft linked; dedicated completeness and source review not certified,38-numerical-model-risk.md,QUANTLIB;SVI;FRM,pending,unassessed
QM-268,Hull White rate models,Pricing risk and numerical methods,contracts/12-volatility.md,family draft linked; dedicated completeness and source review not certified,38-numerical-model-risk.md,QUANTLIB;SVI;FRM,pending,unassessed
QM-269,Credit structural models,Pricing risk and numerical methods,contracts/24-structural-credit.md,family draft linked; dedicated completeness and source review not certified,38-numerical-model-risk.md,QUANTLIB;SVI;FRM,pending,unassessed
QM-270,Greeks finite differences,Pricing risk and numerical methods,contracts/11-option-pricing.md,family draft linked; dedicated completeness and source review not certified,38-numerical-model-risk.md,QUANTLIB;SVI;FRM,pending,unassessed
QM-271,VaR historical parametric MC,Pricing risk and numerical methods,contracts/07-risk-hierarchy.md,family draft linked; dedicated completeness and source review not certified,38-numerical-model-risk.md,QUANTLIB;SVI;FRM,pending,unassessed
QM-272,Expected shortfall,Pricing risk and numerical methods,contracts/07-risk-hierarchy.md,family draft linked; dedicated completeness and source review not certified,38-numerical-model-risk.md,QUANTLIB;SVI;FRM,pending,unassessed
QM-273,Historical hypothetical stress,Pricing risk and numerical methods,contracts/07-risk-hierarchy.md,family draft linked; dedicated completeness and source review not certified,38-numerical-model-risk.md,QUANTLIB;SVI;FRM,pending,unassessed
QM-274,Drawdown duration recovery,Pricing risk and numerical methods,contracts/07-risk-hierarchy.md,family draft linked; dedicated completeness and source review not certified,38-numerical-model-risk.md,QUANTLIB;SVI;FRM,pending,unassessed
QM-275,Implementation shortfall,Pricing risk and numerical methods,contracts/16-performance.md,family draft linked; dedicated completeness and source review not certified,38-numerical-model-risk.md,QUANTLIB;SVI;FRM,pending,unassessed
QM-276,TWR and dated IRR,Pricing risk and numerical methods,contracts/16-performance.md,family draft linked; dedicated completeness and source review not certified,38-numerical-model-risk.md,QUANTLIB;SVI;FRM,pending,unassessed
QM-277,Risk scenario full revaluation,Pricing risk and numerical methods,contracts/07-risk-hierarchy.md,family draft linked; dedicated completeness and source review not certified,38-numerical-model-risk.md,QUANTLIB;SVI;FRM,pending,unassessed
QM-278,Annualized arithmetic/compound returns,Performance and portfolio diagnostics,contracts/16-performance.md,family draft linked; dedicated completeness and source review not certified,17-accounting.md,GIPS;OVERFIT;FRM,pending,unassessed
QM-279,Sharpe ratio,Performance and portfolio diagnostics,contracts/16-performance.md,family draft linked; dedicated completeness and source review not certified,17-accounting.md,GIPS;OVERFIT;FRM,pending,unassessed
QM-280,Sortino ratio,Performance and portfolio diagnostics,contracts/16-performance.md,family draft linked; dedicated completeness and source review not certified,17-accounting.md,GIPS;OVERFIT;FRM,pending,unassessed
QM-281,Calmar ratio,Performance and portfolio diagnostics,contracts/16-performance.md,family draft linked; dedicated completeness and source review not certified,17-accounting.md,GIPS;OVERFIT;FRM,pending,unassessed
QM-282,Information ratio,Performance and portfolio diagnostics,contracts/16-performance.md,family draft linked; dedicated completeness and source review not certified,17-accounting.md,GIPS;OVERFIT;FRM,pending,unassessed
QM-283,Treynor ratio,Performance and portfolio diagnostics,contracts/16-performance.md,family draft linked; dedicated completeness and source review not certified,17-accounting.md,GIPS;OVERFIT;FRM,pending,unassessed
QM-284,Jensen alpha,Performance and portfolio diagnostics,contracts/16-performance.md,family draft linked; dedicated completeness and source review not certified,17-accounting.md,GIPS;OVERFIT;FRM,pending,unassessed
QM-285,Omega ratio,Performance and portfolio diagnostics,contracts/16-performance.md,family draft linked; dedicated completeness and source review not certified,17-accounting.md,GIPS;OVERFIT;FRM,pending,unassessed
QM-286,Gain loss ratio,Performance and portfolio diagnostics,contracts/16-performance.md,family draft linked; dedicated completeness and source review not certified,17-accounting.md,GIPS;OVERFIT;FRM,pending,unassessed
QM-287,Maximum drawdown and duration,Performance and portfolio diagnostics,contracts/16-performance.md,family draft linked; dedicated completeness and source review not certified,17-accounting.md,GIPS;OVERFIT;FRM,pending,unassessed
QM-288,Ulcer index,Performance and portfolio diagnostics,contracts/16-performance.md,family draft linked; dedicated completeness and source review not certified,17-accounting.md,GIPS;OVERFIT;FRM,pending,unassessed
QM-289,Skewness and kurtosis,Performance and portfolio diagnostics,contracts/16-performance.md,family draft linked; dedicated completeness and source review not certified,17-accounting.md,GIPS;OVERFIT;FRM,pending,unassessed
QM-290,Hit rate payoff profit factor,Performance and portfolio diagnostics,contracts/16-performance.md,family draft linked; dedicated completeness and source review not certified,17-accounting.md,GIPS;OVERFIT;FRM,pending,unassessed
QM-291,Exposure turnover holding period,Performance and portfolio diagnostics,contracts/16-performance.md,family draft linked; dedicated completeness and source review not certified,17-accounting.md,GIPS;OVERFIT;FRM,pending,unassessed
QM-292,Brinson attribution,Performance and portfolio diagnostics,contracts/16-performance.md,family draft linked; dedicated completeness and source review not certified,17-accounting.md,GIPS;OVERFIT;FRM,pending,unassessed
QM-293,Factor attribution,Performance and portfolio diagnostics,contracts/16-performance.md,family draft linked; dedicated completeness and source review not certified,17-accounting.md,GIPS;OVERFIT;FRM,pending,unassessed
QM-294,FX income cost attribution,Performance and portfolio diagnostics,contracts/16-performance.md,family draft linked; dedicated completeness and source review not certified,17-accounting.md,GIPS;OVERFIT;FRM,pending,unassessed
QM-295,Money-weighted return root diagnostics,Performance and portfolio diagnostics,contracts/16-performance.md,family draft linked; dedicated completeness and source review not certified,17-accounting.md,GIPS;OVERFIT;FRM,pending,unassessed
QM-296,Benchmark tracking difference,Performance and portfolio diagnostics,contracts/16-performance.md,family draft linked; dedicated completeness and source review not certified,17-accounting.md,GIPS;OVERFIT;FRM,pending,unassessed
QM-297,Arbitrage pricing theory APT,Extended factor/theory candidates,contracts/13-factors.md,family draft linked; dedicated completeness and source review not certified,08-factors.md,COCHRANE;OPEN-AP;PRADO-PUBLICATIONS,pending,unassessed
QM-298,Intertemporal CAPM,Extended factor/theory candidates,contracts/13-factors.md,family draft linked; dedicated completeness and source review not certified,08-factors.md,COCHRANE;OPEN-AP;PRADO-PUBLICATIONS,pending,unassessed
QM-299,Consumption-based pricing,Extended factor/theory candidates,contracts/13-factors.md,family draft linked; dedicated completeness and source review not certified,08-factors.md,COCHRANE;OPEN-AP;PRADO-PUBLICATIONS,pending,unassessed
QM-300,Conditional factor models,Extended factor/theory candidates,contracts/13-factors.md,family draft linked; dedicated completeness and source review not certified,08-factors.md,COCHRANE;OPEN-AP;PRADO-PUBLICATIONS,pending,unassessed
QM-301,Q-factor extensions,Extended factor/theory candidates,contracts/13-factors.md,family draft linked; dedicated completeness and source review not certified,08-factors.md,COCHRANE;OPEN-AP;PRADO-PUBLICATIONS,pending,unassessed
QM-302,Mispricing factor models,Extended factor/theory candidates,contracts/13-factors.md,family draft linked; dedicated completeness and source review not certified,08-factors.md,COCHRANE;OPEN-AP;PRADO-PUBLICATIONS,pending,unassessed
QM-303,Instrumented PCA factor models,Extended factor/theory candidates,contracts/13-factors.md,family draft linked; dedicated completeness and source review not certified,08-factors.md,COCHRANE;OPEN-AP;PRADO-PUBLICATIONS,pending,unassessed
QM-304,Nonlinear ML asset pricing,Extended factor/theory candidates,contracts/13-factors.md,family draft linked; dedicated completeness and source review not certified,08-factors.md,COCHRANE;OPEN-AP;PRADO-PUBLICATIONS,pending,unassessed
QM-305,Causal factor research,Extended factor/theory candidates,contracts/13-factors.md,family draft linked; dedicated completeness and source review not certified,08-factors.md,COCHRANE;OPEN-AP;PRADO-PUBLICATIONS,pending,unassessed
QM-306,Bond term premium models,Extended factor/theory candidates,contracts/13-factors.md,family draft linked; dedicated completeness and source review not certified,08-factors.md,COCHRANE;OPEN-AP;PRADO-PUBLICATIONS,pending,unassessed
