id,family,classification,mechanism_or_hypothesis,retail_expression_candidates,main_failure_modes,source_anchor,evidence_status,live_status
QS-001,Equity market exposure,beta,Diversified ownership of equity risk,Funds or equities,Market and crisis drawdown,FRENCH,Source framework; retail sizing and net evaluation pending,not enabled or profitability-certified
QS-002,Duration exposure,premium hypothesis,Sensitivity to interest-rate term risk,Bonds funds futures,Rate/inflation shocks and funding,CFA-III-PM,Exact decomposition/term-premium research pending,not enabled or profitability-certified
QS-003,Credit exposure,premium hypothesis,Compensation associated with default/spread exposure,Bond funds bonds,Default recovery and illiquidity,FINRA-BONDS,Expected-return specification pending,not enabled or profitability-certified
QS-004,Liquidity/illiquidity,premium hypothesis,Capital bears trading/exit constraints,Small assets/private funds,Stale valuation and inaccessible exits,CFA-III-PRIVATE,Retail access and evidence review pending,not enabled or profitability-certified
QS-005,Equity value,style,Relative valuation characteristics,Funds or baskets,Value traps long drawdowns,FF5,Published model inspected; tradable replication pending,not enabled or profitability-certified
QS-006,Equity size,style,Small versus large security portfolios,Funds or baskets,Liquidity and heterogeneous evidence,FRENCH,Dataset construction and feasibility pending,not enabled or profitability-certified
QS-007,Profitability/quality,style,Operating strength and quality characteristics,Funds or baskets,Price paid and overlap with other styles,FF5,Definitions and specific strategy review pending,not enabled or profitability-certified
QS-008,Investment/asset growth,style,Investment-related characteristics,Equity baskets,Accounting lag sector and selection bias,FF5,PIT replication pending,not enabled or profitability-certified
QS-009,Cross-sectional momentum,style,Rank past relative returns,Multi-asset or equity baskets,Reversal crash turnover,FRENCH,Exact signal/cost implementation pending,not enabled or profitability-certified
QS-010,Time-series trend,style,Own-price continuation hypotheses,Liquid futures/funds,Whipsaw gaps roll costs,TREND,Published summary; exact replication pending,not enabled or profitability-certified
QS-011,Low beta/defensive,style,Low-risk characteristics with construction choices,Funds or baskets,Leverage financing and hidden exposures,BAB,Academic and retail constructions differ,not enabled or profitability-certified
QS-012,Commodity curve carry,style,Contract curve economics,Futures,Seasonality delivery negative prices,CARRY,Contract-level construction pending,not enabled or profitability-certified
QS-013,FX carry,style,Interest/funding differential economics,FX/funds/futures proxies,Devaluation funding unwind,CARRY,Instrument-specific net feasibility pending,not enabled or profitability-certified
QS-014,Rates carry/rolldown,style,Curve holding/aging economics,Bonds/futures,Curve moves leverage funding,CARRY,Pricing conventions pending,not enabled or profitability-certified
QS-015,Equity/futures carry,style,Financing dividends and futures basis,Futures/funds,Dividend estimates financing basis,CARRY,Exact economic definition pending,not enabled or profitability-certified
QS-016,Variance risk exposure,premium hypothesis,Option insurance compensation,Options,Gap skew assignment and margin,VRP,No particular short-option strategy validated,not enabled or profitability-certified
QS-017,Skew/tail exposure,premium hypothesis,Insurance on asymmetric outcomes,Options,Rare loss underestimation,SVI,Dedicated original research pending,not enabled or profitability-certified
QS-018,Correlation/dispersion,premium hypothesis,Index versus component option exposure,Options baskets,Correlation jumps many legs costs,SVI,Dedicated original research and access pending,not enabled or profitability-certified
QS-019,Volatility term structure,relative value hypothesis,Relative expiries and volatility contracts,Options/volatility products,Roll leverage nonlinear exposures,CFA-II,Dedicated research pending,not enabled or profitability-certified
QS-020,Quality distress avoidance,screen hypothesis,Financial resilience and accruals,Equity analysis,Sector misuse missing statements,PIOTROSKI,Original screen reviewed; trading evidence pending,not enabled or profitability-certified
QS-021,Accrual/accounting anomalies,alpha hypothesis,Information in accounting quality,Equity baskets,PIT facts borrow and crowding,BENEISH,Screen is not trading alpha evidence,not enabled or profitability-certified
QS-022,Earnings drift/surprise,alpha hypothesis,Response to earnings information,Equity research/baskets,Release timestamp expectations and costs,SEC-XBRL,Dedicated original paper/data review pending,not enabled or profitability-certified
QS-023,Analyst revisions,alpha hypothesis,Changes in forward expectations,Equities,Licensed history and revision timestamp,CFA-II,Dedicated evidence and procurement pending,not enabled or profitability-certified
QS-024,Buybacks issuance and dilution,alpha hypothesis,Capital allocation and supply information,Equities,Announcement execution difference,CFA-II,Dedicated empirical evidence pending,not enabled or profitability-certified
QS-025,Merger arbitrage,event hypothesis,Deal completion probability and timing,Equities/options,Deal break legal timing borrow,CFA-II,Event/legal/access evidence pending,not enabled or profitability-certified
QS-026,Spinoffs restructuring,event hypothesis,Changing ownership and business structure,Equities,Selection survivorship and catalysts,CFA-II,Dedicated empirical evidence pending,not enabled or profitability-certified
QS-027,Index events,event hypothesis,Mechanical index-driven demand,Equities,Advance crowding turnover costs,FRENCH,Event data and original research pending,not enabled or profitability-certified
QS-028,Distressed/recovery,event hypothesis,Capital structure and recovery outcomes,Debt/funds analysis,Legal priority illiquidity capital loss,CFA-III-PRIVATE,Specialist/legal and access review pending,not enabled or profitability-certified
QS-029,Pairs/cointegration,relative value hypothesis,Conditional spread relationships,Liquid pairs,Relationship break borrow hedge error,CFA-II,Dedicated original research and tests pending,not enabled or profitability-certified
QS-030,Statistical arbitrage baskets,relative value hypothesis,Residual mean-reversion models,Equity/futures baskets,Turnover competition multiple testing,OVERFIT,No generic profitable strategy certified,not enabled or profitability-certified
QS-031,Short-horizon reversal,alpha hypothesis,Temporary price pressure hypothesis,Liquid instruments,Spread impact latency dominate,OVERFIT,Evidence/cost feasibility pending,not enabled or profitability-certified
QS-032,Cross-asset relative value,relative value hypothesis,Comparable economic exposures,Futures/bonds/FX,Basis model funding and timing risk,CARRY,Pair-specific economic model pending,not enabled or profitability-certified
QS-033,Seasonality/calendar effects,alpha hypothesis,Recurring supply/demand patterns,Commodities/futures,Small sample crowding selection,COT,Calendar and original evidence review pending,not enabled or profitability-certified
QS-034,Positioning/crowding,alpha hypothesis,Delayed positioning or flow information,Liquid futures,Lag category mapping and endogenous flows,COT,No causal trading effect verified,not enabled or profitability-certified
QS-035,Macro surprise/nowcasting,alpha hypothesis,Forecast versus released information,Cross-asset,Revisions real-time expectations and latency,FRED,Dedicated original evidence pending,not enabled or profitability-certified
QS-036,Alternative data/NLP,alpha hypothesis,Additional legally available information,Equity/macro models,Licenses leakage provenance drift,SKLEARN,No dataset or alpha validated,not enabled or profitability-certified
QS-037,Liquidity provision,service hypothesis,Earn spread while bearing inventory risk,Venue-specific instruments,Adverse selection latency fees,CFA-III-PM,Retail viability likely constrained; needs proof,not enabled or profitability-certified
QS-038,ETF/basis arbitrage,relative value hypothesis,Linked instrument discrepancies,Funds/futures/baskets,Creation access funding taxes execution,CFA-III-PM,Apparent arbitrage is not riskless retail access,not enabled or profitability-certified
QS-039,Crypto funding/basis,relative value hypothesis,Spot derivative funding relationship,Crypto venues,Custody default liquidation transfer,ALTERNATIVES,Venue-specific economic evidence pending,not enabled or profitability-certified
QS-040,Tax-aware implementation,implementation benefit,Reduce avoidable tax/cost within rules,Account allocation and lots,Legal eligibility cross-account mistakes,CRA,Not market alpha; jurisdiction review required,not enabled or profitability-certified
QS-041,Long convexity/tail protection,hedge,Protect adverse portfolio paths,Options/trend hybrids,Insurance cost basis and timing,OIC-EXERCISE,Portfolio benefit needs scenario evaluation,not enabled or profitability-certified
