Year,S&P 500 (includes dividends),3-month T.Bill,US T. Bond, Baa Corporate Bond,Real Estate,Gold
1928,0.4381115515,0.0308,0.00835470859,0.0321955147,0.01491053678,0.0009689922481
1929,-0.08297946612,0.0316,0.04203804156,0.0301785624,-0.02056807052,-0.001452081317
1930,-0.2512363636,0.0455,0.04540931435,0.005397809465,-0.043,0.0009694619486
1931,-0.4383754889,0.0231,-0.02558855962,-0.1568077508,-0.08150470219,-0.1738498789
1932,-0.08642364532,0.0107,0.0879030699,0.2358960168,-0.1046643914,0.2127784291
1933,0.4998222543,0.0096,0.01855272089,0.129668937,-0.03811944091,0.2725954567
1934,-0.01188565697,0.002783333333,0.07963442618,0.1881642927,0.02906208719,0.3175085454
1935,0.4674042105,0.001675,0.0447204773,0.1330773187,0.09765833726,0.004324012684
1936,0.3194341028,0.001725,0.05017875405,0.1138381587,0.03218601455,0.0008610792193
1937,-0.3533672875,0.002758333333,0.0137914606,-0.04416191684,0.02563391222,-0.002294235733
1938,0.2928265403,0.00065,0.04213248532,0.09235881714,-0.008736813633,0.001724633515
1939,-0.01097564688,0.0004583333333,0.04412261394,0.07983137765,-0.01301607226,-0.01233859397
1940,-0.1067287319,0.0003583333333,0.05402481596,0.08648137178,0.03306607686,-0.01656013945
1941,-0.1277145558,0.001291666667,-0.02022197585,0.05007172857,-0.08384627736,0
1942,0.1917376295,0.003425,0.02294868237,0.05179901043,0.03333041218,0
1943,0.2506131013,0.0038,0.0249,0.0804467006,0.1144625996,0
1944,0.1903067695,0.0038,0.02577611158,0.06565863588,0.1658422748,0
1945,0.3582108434,0.0038,0.03804417342,0.06799865478,0.1177737647,0.02540620384
1946,-0.08429147465,0.0038,0.03128374538,0.02508032977,0.2410168568,0
1947,0.052,0.006008333333,0.009196968063,0.002621202267,0.2126388105,0
1948,0.05704575163,0.01045,0.01951036941,0.03436959561,0.02058515386,0
1949,0.1830322368,0.01115,0.04663485183,0.05377301118,0.0008934851624,-0.08700662633
1950,0.3080553901,0.01203333333,0.004295957417,0.04238817306,0.03640392529,0.09561375828
1951,0.2367846304,0.015175,-0.002953139221,-0.00190980913,0.06047648137,0
1952,0.1815098864,0.017225,0.02267996192,0.04441241505,0.04406682028,-0.003456221198
1953,-0.01208204742,0.01890833333,0.04143840259,0.01620112382,0.1151656854,0.006936416185
1954,0.5256332124,0.0093752,0.03289803456,0.06157905182,0.0092272203,0.005740528129
1955,0.3259733185,0.01724342629,-0.01336439129,0.02044690004,0,-0.0002853881279
1956,0.07439511873,0.02621388889,-0.02255773817,-0.02352654198,0.009142857143,-0.00114187839
1957,-0.1045736019,0.03224566929,0.06797012847,-0.007189284403,0.02718006795,-0.001143183767
1958,0.4371995499,0.01766546185,-0.02099018176,0.06430092897,0.006615214994,0.004291845494
1959,0.1205645716,0.03386015936,-0.02646631259,0.0157434309,0.001095290252,0
1960,0.003365353147,0.02872971888,0.1163950369,0.06663187163,0.007658643326,0.004843304843
1961,0.2663771296,0.0235248996,0.02060920808,0.051,0.009771986971,-0.0005670541537
1962,-0.08811460517,0.02772369478,0.05693544054,0.06495327994,0.003225806452,-0.0005673758865
1963,0.226119271,0.03156024096,0.01684162074,0.05464480571,0.02143622722,-0.003973885893
1964,0.1641545588,0.03545737052,0.03728064891,0.05161739272,0.01259181532,0.0002849814762
1965,0.1239924248,0.03949076305,0.007188550936,0.03190009462,0.01658031088,0.0005698005698
1966,-0.09970954236,0.0485572,0.02907940932,-0.03445361598,0.0122324159,0.000284738041
1967,0.2380296651,0.04293453815,-0.01580620993,0.008952266148,0.02316213494,-0.00512382579
1968,0.1081486265,0.053376,0.03274619695,0.04845146224,0.04133858268,0.1247496423
1969,-0.08241371076,0.06668467742,-0.05014049321,-0.02025164251,0.06994328922,0.05011447469
1970,0.03561144905,0.06391,0.1675473718,0.05649567657,0.08215547703,-0.09447674419
1971,0.142211503,0.04334257028,0.0978689662,0.1400146617,0.04244897959,0.1669341894
1972,0.1875536292,0.0406184,0.0281844905,0.1140909358,0.02975724354,0.4878496103
1973,-0.1430804744,0.07035443548,0.03658664602,0.04318040485,0.03422053232,0.7295839753
1974,-0.2590178575,0.07845783133,0.01988608693,-0.04380719798,0.1007352941,0.6614699332
1975,0.3699513711,0.05786385542,0.03605253603,0.1104996407,0.06773709375,-0.2479892761
1976,0.23830999,0.049766,0.1598456074,0.1975281399,0.08177834857,-0.04099821747
1977,-0.06979704076,0.05260963855,0.01289960607,0.09954662852,0.146548413,0.226394052
1978,0.06509283912,0.07178306452,-0.007775806908,0.03137584977,0.1572359605,0.3701121552
1979,0.1851949017,0.1005427419,0.006707203125,-0.02009110144,0.1374246691,1.265486726
1980,0.3173524551,0.1139188,-0.02989744252,-0.03315678337,0.07396867264,0.1518554688
1981,-0.04702390247,0.1403618474,0.08199215336,0.08462399481,0.05095006248,-0.3259855871
1982,0.2041905508,0.1060341365,0.3281454949,0.2905245566,0.005637209684,0.1562264151
1983,0.2233715586,0.0861764,0.03200209445,0.1619428962,0.04749480207,-0.1679721497
1984,0.06146142,0.09540281124,0.1373336434,0.1561920733,0.04678134973,-0.1937761506
1985,0.3123514949,0.07471129032,0.2571248821,0.2386264185,0.07471371208,0.06000648719
1986,0.1849457876,0.0596928,0.2428421514,0.2148551531,0.0961235751,0.1895654835
1987,0.05812721642,0.0577736,-0.04960508938,0.02289846084,0.07876215124,0.2452733119
1988,0.1653719281,0.0666844,0.08223595843,0.1511507007,0.07210462412,-0.1525511258
1989,0.3147518364,0.0811156,0.1769364716,0.1578966653,0.04381344831,-0.02839731871
1990,-0.03064451613,0.0749648,0.06235375334,0.06140062886,-0.006915123074,-0.03110888108
1991,0.3023484313,0.053756,0.1500451002,0.1785348715,-0.001579570883,-0.08557742103
1992,0.07493727972,0.03431314741,0.09361637316,0.1217225587,0.008174027686,-0.0573410732
1993,0.09967051479,0.0299712,0.1421095759,0.1643151722,0.02157708905,0.1767798138
1994,0.01325920677,0.04252248996,-0.08036655551,-0.01319203348,0.02508960573,-0.02169751117
1995,0.371951989,0.054896,0.2348078011,0.2015621817,0.01798201798,0.009784735812
1996,0.2268096602,0.05005396825,0.01428607793,0.04792599419,0.02416584887,-0.04586563307
1997,0.331036531,0.0506208,0.09939130273,0.1183488724,0.04024434064,-0.2140825999
1998,0.2833795328,0.0477596,0.1492143192,0.07945456133,0.06447898676,-0.008270158511
1999,0.2088535099,0.04638406375,-0.08254214796,0.008431634755,0.07679826933,0.00851285615
2000,-0.09031818955,0.05819800797,0.1665526713,0.09329685521,0.09281767956,-0.05443583118
2001,-0.1184975914,0.03399354839,0.05572181189,0.07819150754,0.06673407482,0.007469484423
2002,-0.2196604796,0.0160532,0.1511640038,0.1217786769,0.0956484274,0.2556962025
2003,0.2835580005,0.0100836,0.003753185882,0.135320121,0.09815178923,0.1988767281
2004,0.1074277594,0.0137464,0.04490683702,0.09888628409,0.136360381,0.04648648649
2005,0.04834477523,0.0314916,0.0286753296,0.04917537987,0.1351232117,0.1776859504
2006,0.1561255798,0.0473,0.01961001242,0.07048397663,0.01732274721,0.2319688109
2007,0.05484735246,0.04361952191,0.1020992193,0.03150386153,-0.05397587731,0.3192246835
2008,-0.3655234411,0.01371314741,0.2010127993,-0.05065714629,-0.1199953848,0.04317841079
2009,0.2593523388,0.0015052,-0.1111669531,0.2332950249,-0.03848170972,0.2503592986
2010,0.1482109228,0.001384462151,0.0846293388,0.08347842366,-0.04118088225,0.2924137931
2011,0.02098374734,0.0005284,0.16035335,0.125845144,-0.03882528621,0.1202419068
2012,0.1589058524,0.000876,0.02971571978,0.1012467788,0.06436339424,0.05684344236
2013,0.3214508586,0.0005708,-0.09104568794,-0.01055901207,0.1071800931,-0.2761418269
2014,0.1352442165,0.0003272,0.1074618045,0.1038490782,0.04513779898,0.001245330012
2015,0.01378891641,0.0005203187251,0.01284299671,-0.006975183679,0.05207832773,-0.1210613599
2016,0.1177308087,0.0031612,0.006905504699,0.1036510582,0.05309734513,0.08103773585
2017,0.2160548143,0.0093412,0.02801716271,0.09723901946,0.06213065872,0.12662536
2018,-0.04226869289,0.01936305221,-0.0001669238571,-0.02762628222,0.04532693584,-0.009295120062
2019,0.3121168,0.0206248,0.09635630742,0.1532945756,0.03691586503,0.1907740422
2020,0.1802320183,0.003547410359,0.1133189765,0.1041153716,0.1034612668,0.241694025
2021,0.2846885175,0.0004501992032,-0.04416034449,0.00933444572,0.1891430522,-0.03754428639
2022,-0.1800897155,0.02024779116,-0.1782817154,-0.1448829821,0.07303330462,0.005494203615